This is LuaHBTeX, Version 1.24.0 (TeX Live 2026)  (format=lualatex 2026.8.27)  4 SEP 2026 19:40
 restricted system commands enabled.
**simulation-modeling-lab07-report.tex
(./simulation-modeling-lab07-report.tex
LaTeX2e <2026-06-01>
L3 programming layer <2026-08-10>
Lua module: luaotfload 2024-12-03 v3.29 Lua based OpenType font support
Lua module: lualibs 2023-07-13 v2.76 ConTeXt Lua standard libraries.
Lua module: lualibs-extended 2023-07-13 v2.76 ConTeXt Lua libraries -- extended collection.
luaotfload | conf : Root cache directory is "C:/Users/uzarb/AppData/Roaming/TinyTeX/texmf-var/luatex-cache/generic/names".
luaotfload | init : Loading fontloader "fontloader-2023-12-28.lua" from kpse-resolved path "c:/Users/uzarb/AppData/Roaming/TinyTeX/texmf-dist/tex/luatex/luaotfload/fontloader-2023-12-28.lua".
Lua-only attribute luaotfload@noligature = 1
luaotfload | init : Context OpenType loader version 3.134
Inserting `luaotfload.node_processor' in `pre_linebreak_filter'.
Inserting `luaotfload.node_processor' in `hpack_filter'.
Inserting `luaotfload.glyph_stream' in `glyph_stream_provider'.
Inserting `luaotfload.define_font' in `define_font'.
Lua-only attribute luaotfload_color_attribute = 2
luaotfload | conf : Root cache directory is "C:/Users/uzarb/AppData/Roaming/TinyTeX/texmf-var/luatex-cache/generic/names".
Inserting `luaotfload.harf.strip_prefix' in `find_opentype_file'.
Inserting `luaotfload.harf.strip_prefix' in `find_truetype_file'.
Removing  `luaotfload.glyph_stream' from `glyph_stream_provider'.
Inserting `luaotfload.harf.glyphstream' in `glyph_stream_provider'.
Inserting `luaotfload.harf.finalize_vlist' in `post_linebreak_filter'.
Inserting `luaotfload.harf.finalize_hlist' in `hpack_filter'.
Inserting `luaotfload.cleanup_files' in `wrapup_run'.
Inserting `luaotfload.harf.finalize_unicode' in `finish_pdffile'.
Inserting `luaotfload.glyphinfo' in `glyph_info'.
Lua-only attribute luaotfload.letterspace_done = 3
Inserting `luaotfload.aux.set_sscale_dimens' in `luaotfload.patch_font'.
Inserting `luaotfload.aux.set_font_index' in `luaotfload.patch_font'.
Inserting `luaotfload.aux.patch_cambria_domh' in `luaotfload.patch_font'.
Inserting `luaotfload.aux.fixup_fontdata' in `luaotfload.patch_font_unsafe'.
Inserting `luaotfload.aux.set_capheight' in `luaotfload.patch_font'.
Inserting `luaotfload.aux.set_xheight' in `luaotfload.patch_font'.
Inserting `luaotfload.rewrite_fontname' in `luaotfload.patch_font'.
Inserting `tracingstacklevels' in `input_level_string'. (c:/Users/uzarb/AppData/Roaming/TinyTeX/texmf-dist/tex/latex/koma-script/scrreprt.cls
Document Class: scrreprt 2026/02/02 v3.49.2 KOMA-Script document class (report)
(c:/Users/uzarb/AppData/Roaming/TinyTeX/texmf-dist/tex/latex/koma-script/scrkbase.sty
Package: scrkbase 2026/02/02 v3.49.2 KOMA-Script package (KOMA-Script-dependent basics and keyval usage)
(c:/Users/uzarb/AppData/Roaming/TinyTeX/texmf-dist/tex/latex/koma-script/scrbase.sty
Package: scrbase 2026/02/02 v3.49.2 KOMA-Script package (KOMA-Script-independent basics and keyval usage)
(c:/Users/uzarb/AppData/Roaming/TinyTeX/texmf-dist/tex/latex/koma-script/scrlfile.sty
Package: scrlfile 2026/02/02 v3.49.2 KOMA-Script package (file load hooks)
(c:/Users/uzarb/AppData/Roaming/TinyTeX/texmf-dist/tex/latex/koma-script/scrlfile-hook.sty
Package: scrlfile-hook 2026/02/02 v3.49.2 KOMA-Script package (using LaTeX hooks)
(c:/Users/uzarb/AppData/Roaming/TinyTeX/texmf-dist/tex/latex/koma-script/scrlogo.sty
Package: scrlogo 2026/02/02 v3.49.2 KOMA-Script package (logo)
))) (c:/Users/uzarb/AppData/Roaming/TinyTeX/texmf-dist/tex/latex/graphics/keyval.sty
Package: keyval 2026-05-17 v1.15 key=value parser (DPC)
\KV@toks@=\toks17
)
Applying: [2021/05/01] Usage of raw or classic option list on input line 254.
Already applied: [0000/00/00] Usage of raw or classic option list on input line 370.
)) (c:/Users/uzarb/AppData/Roaming/TinyTeX/texmf-dist/tex/latex/koma-script/tocbasic.sty
Package: tocbasic 2026/02/02 v3.49.2 KOMA-Script package (handling toc-files)
\scr@dte@tocline@numberwidth=\skip49
\scr@dte@tocline@numbox=\box53
)
Package tocbasic Info: omitting babel extension for `toc'
(tocbasic)             because of feature `nobabel' available
(tocbasic)             for `toc' on input line 143.
Package scrreprt Info: You've used standard option `12pt'.
(scrreprt)             This is correct!
(scrreprt)             Internally I'm using `fontsize=12pt'.
(scrreprt)             If you'd like to set the option with \KOMAoptions,
(scrreprt)             you'd have to use `fontsize=12pt' there
(scrreprt)             instead of `12pt', too.
Class scrreprt Info: File `scrsize12pt.clo' used to setup font sizes on input line 2710.
(c:/Users/uzarb/AppData/Roaming/TinyTeX/texmf-dist/tex/latex/koma-script/scrsize12pt.clo
File: scrsize12pt.clo 2026/02/02 v3.49.2 KOMA-Script font size class option (12pt)
luaotfload | db : Font names database loaded from C:/Users/uzarb/AppData/Roaming/TinyTeX/texmf-var/luatex-cache/generic/names/luaotfload-names.luc.gz) (c:/Users/uzarb/AppData/Roaming/TinyTeX/texmf-dist/tex/latex/koma-script/typearea.sty
Package: typearea 2026/02/02 v3.49.2 KOMA-Script package (type area)
\ta@bcor=\skip50
\ta@div=\count274
Package typearea Info: You've used standard option `a4paper'.
(typearea)             This is correct!
(typearea)             Internally I'm using `paper=a4'.
(typearea)             If you'd like to set the option with \KOMAoptions,
(typearea)             you'd have to use `paper=a4' there
(typearea)             instead of `a4paper', too.
\ta@hblk=\skip51
\ta@vblk=\skip52
\ta@temp=\skip53
\footheight=\skip54
Package typearea Info: These are the values describing the layout:
(typearea)             DIV  = 11
(typearea)             BCOR = 0.0pt
(typearea)             \paperwidth      = 597.50793pt
(typearea)              \textwidth      = 434.55125pt
(typearea)              DIV departure   = -3%
(typearea)              \evensidemargin = 9.20834pt
(typearea)              \oddsidemargin  = 9.20834pt
(typearea)             \paperheight     = 845.04694pt
(typearea)              \textheight     = 621.0pt
(typearea)              \topmargin      = -35.32254pt
(typearea)              \headheight     = 18.125pt
(typearea)              \headsep        = 21.75pt
(typearea)              \topskip        = 12.0pt
(typearea)              \footskip       = 50.75pt
(typearea)              \baselineskip   = 14.5pt
(typearea)              on input line 1810.
)
\c_scrreprt_cmdhook_cctab=\catcodetable14
\c@part=\count275
\c@chapter=\count276
\c@section=\count277
\c@subsection=\count278
\c@subsubsection=\count279
\c@paragraph=\count280
\c@subparagraph=\count281
\scr@dte@chapter@maxnumwidth=\skip55
Class scrreprt Info: using compatibility default `afterindent=bysign'
(scrreprt)           for `\chapter on input line 5934.
\scr@dte@section@maxnumwidth=\skip56
Class scrreprt Info: using compatibility default `runin=bysign'
(scrreprt)           for `\section on input line 5945.
Class scrreprt Info: using compatibility default `afterindent=bysign'
(scrreprt)           for `\section on input line 5945.
\scr@dte@part@maxnumwidth=\skip57
Class scrreprt Info: using compatibility default `afterindent=true'
(scrreprt)           for `\part on input line 5954.
\scr@dte@subsection@maxnumwidth=\skip58
Class scrreprt Info: using compatibility default `runin=bysign'
(scrreprt)           for `\subsection on input line 5964.
Class scrreprt Info: using compatibility default `afterindent=bysign'
(scrreprt)           for `\subsection on input line 5964.
\scr@dte@subsubsection@maxnumwidth=\skip59
Class scrreprt Info: using compatibility default `runin=bysign'
(scrreprt)           for `\subsubsection on input line 5974.
Class scrreprt Info: using compatibility default `afterindent=bysign'
(scrreprt)           for `\subsubsection on input line 5974.
\scr@dte@paragraph@maxnumwidth=\skip60
Class scrreprt Info: using compatibility default `runin=bysign'
(scrreprt)           for `\paragraph on input line 5985.
Class scrreprt Info: using compatibility default `afterindent=bysign'
(scrreprt)           for `\paragraph on input line 5985.
\scr@dte@subparagraph@maxnumwidth=\skip61
Class scrreprt Info: using compatibility default `runin=bysign'
(scrreprt)           for `\subparagraph on input line 5995.
Class scrreprt Info: using compatibility default `afterindent=bysign'
(scrreprt)           for `\subparagraph on input line 5995.
\abovecaptionskip=\skip62
\belowcaptionskip=\skip63
\c@pti@nb@sid@b@x=\box54
Package tocbasic Info: omitting babel extension for `lof'
(tocbasic)             because of feature `nobabel' available
(tocbasic)             for `lof' on input line 7225.
\scr@dte@figure@maxnumwidth=\skip64
\c@figure=\count282
Package tocbasic Info: omitting babel extension for `lot'
(tocbasic)             because of feature `nobabel' available
(tocbasic)             for `lot' on input line 7238.
\scr@dte@table@maxnumwidth=\skip65
\c@table=\count283
Class scrreprt Info: Redefining `\numberline' on input line 7409.
\bibindent=\dimen149
) (c:/Users/uzarb/AppData/Roaming/TinyTeX/texmf-dist/tex/latex/xcolor/xcolor.sty
Package: xcolor 2024/09/29 v3.02 LaTeX color extensions (UK)
(c:/Users/uzarb/AppData/Roaming/TinyTeX/texmf-dist/tex/latex/graphics-cfg/color.cfg
File: color.cfg 2016/01/02 v1.6 sample color configuration
)
Package xcolor Info: Driver file: luatex.def on input line 274.
(c:/Users/uzarb/AppData/Roaming/TinyTeX/texmf-dist/tex/latex/graphics-def/luatex.def
File: luatex.def 2025/09/29 v1.2f Graphics/color driver for luatex
) (c:/Users/uzarb/AppData/Roaming/TinyTeX/texmf-dist/tex/latex/graphics/mathcolor.ltx)
Package xcolor Info: Model `cmy' substituted by `cmy0' on input line 1349.
Package xcolor Info: Model `hsb' substituted by `rgb' on input line 1353.
Package xcolor Info: Model `RGB' extended on input line 1365.
Package xcolor Info: Model `HTML' substituted by `rgb' on input line 1367.
Package xcolor Info: Model `Hsb' substituted by `hsb' on input line 1368.
Package xcolor Info: Model `tHsb' substituted by `hsb' on input line 1369.
Package xcolor Info: Model `HSB' substituted by `hsb' on input line 1370.
Package xcolor Info: Model `Gray' substituted by `gray' on input line 1371.
Package xcolor Info: Model `wave' substituted by `hsb' on input line 1372.
) (c:/Users/uzarb/AppData/Roaming/TinyTeX/texmf-dist/tex/latex/amsmath/amsmath.sty
Package: amsmath 2026/05/19 v2.18d AMS math features
\@mathmargin=\skip66
For additional information on amsmath, use the `?' option.
(c:/Users/uzarb/AppData/Roaming/TinyTeX/texmf-dist/tex/latex/amsmath/amstext.sty
Package: amstext 2024/11/17 v2.01 AMS text
(c:/Users/uzarb/AppData/Roaming/TinyTeX/texmf-dist/tex/latex/amsmath/amsgen.sty
File: amsgen.sty 1999/11/30 v2.0 generic functions
\@emptytoks=\toks18
\ex@=\dimen150
)) (c:/Users/uzarb/AppData/Roaming/TinyTeX/texmf-dist/tex/latex/amsmath/amsbsy.sty
Package: amsbsy 1999/11/29 v1.2d Bold Symbols
\pmbraise@=\dimen151
) (c:/Users/uzarb/AppData/Roaming/TinyTeX/texmf-dist/tex/latex/amsmath/amsopn.sty
Package: amsopn 2022/04/08 v2.04 operator names
)
\inf@bad=\count284
LaTeX Info: Redefining \frac on input line 235.
\uproot@=\count285
\leftroot@=\count286
LaTeX Info: Redefining \overline on input line 398.
LaTeX Info: Redefining \colon on input line 409.
\classnum@=\count287
\DOTSCASE@=\count288
LaTeX Info: Redefining \ldots on input line 495.
LaTeX Info: Redefining \dots on input line 498.
LaTeX Info: Redefining \cdots on input line 619.
\Mathstrutbox@=\box55
\strutbox@=\box56
LaTeX Info: Redefining \big on input line 721.
LaTeX Info: Redefining \Big on input line 722.
LaTeX Info: Redefining \bigg on input line 723.
LaTeX Info: Redefining \Bigg on input line 724.
\big@size=\dimen152
LaTeX Font Info:    Redeclaring font encoding OML on input line 742.
LaTeX Font Info:    Redeclaring font encoding OMS on input line 743.
\macc@depth=\count289
LaTeX Info: Redefining \bmod on input line 904.
LaTeX Info: Redefining \pmod on input line 909.
LaTeX Info: Redefining \smash on input line 939.
LaTeX Info: Redefining \relbar on input line 969.
LaTeX Info: Redefining \Relbar on input line 970.
\c@MaxMatrixCols=\count290
\dotsspace@=\muskip17
\c@parentequation=\count291
\dspbrk@lvl=\count292
\tag@help=\toks19
\row@=\count293
\column@=\count294
\maxfields@=\count295
\andhelp@=\toks20
\eqnshift@=\dimen153
\alignsep@=\dimen154
\tagshift@=\dimen155
\tagwidth@=\dimen156
\totwidth@=\dimen157
\lineht@=\dimen158
\@envbody=\toks21
\multlinegap=\skip67
\multlinetaggap=\skip68
\mathdisplay@stack=\toks22
LaTeX Info: Redefining \[ on input line 2965.
LaTeX Info: Redefining \] on input line 2966.
) (c:/Users/uzarb/AppData/Roaming/TinyTeX/texmf-dist/tex/latex/amsfonts/amssymb.sty
Package: amssymb 2013/01/14 v3.01 AMS font symbols
(c:/Users/uzarb/AppData/Roaming/TinyTeX/texmf-dist/tex/latex/amsfonts/amsfonts.sty
Package: amsfonts 2013/01/14 v3.01 Basic AMSFonts support
\symAMSa=\mathgroup4
\symAMSb=\mathgroup5
LaTeX Font Info:    Redeclaring math symbol \hbar on input line 98.
LaTeX Font Info:    Overwriting math alphabet `\mathfrak' in version `bold'
(Font)                  U/euf/m/n --> U/euf/b/n on input line 106.
)) (c:/Users/uzarb/AppData/Roaming/TinyTeX/texmf-dist/tex/generic/iftex/iftex.sty
Package: iftex 2024/12/12 v1.0g TeX engine tests
) (c:/Users/uzarb/AppData/Roaming/TinyTeX/texmf-dist/tex/latex/unicode-math/unicode-math.sty (c:/Users/uzarb/AppData/Roaming/TinyTeX/texmf-dist/tex/latex/l3kernel/expl3.sty
Package: expl3 2026-08-10 L3 programming layer (loader) 
(c:/Users/uzarb/AppData/Roaming/TinyTeX/texmf-dist/tex/latex/l3backend/l3backend-luatex.def
File: l3backend-luatex.def 2026-02-18 L3 backend support: PDF output (LuaTeX)
\l__color_backend_stack_int=\count296
Inserting `l3color' in `luaotfload.parse_color'.))
Package: unicode-math 2023/08/13 v0.8r Unicode maths in XeLaTeX and LuaLaTeX
(c:/Users/uzarb/AppData/Roaming/TinyTeX/texmf-dist/tex/latex/unicode-math/unicode-math-luatex.sty
Package: unicode-math-luatex 2023/08/13 v0.8r Unicode maths in XeLaTeX and LuaLaTeX
(c:/Users/uzarb/AppData/Roaming/TinyTeX/texmf-dist/tex/latex/l3packages/xparse/xparse.sty
Package: xparse 2025-10-09 L3 Experimental document command parser
) (c:/Users/uzarb/AppData/Roaming/TinyTeX/texmf-dist/tex/latex/l3packages/l3keys2e/l3keys2e.sty
Package: l3keys2e 2025-10-09 LaTeX2e option processing using LaTeX3 keys
) (c:/Users/uzarb/AppData/Roaming/TinyTeX/texmf-dist/tex/latex/fontspec/fontspec.sty
Package: fontspec 2026/08/11 v2.9h Font selection for XeLaTeX and LuaLaTeX
Lua module: fontspec 2026/08/11 v2.9h Font selection for XeLaTeX and LuaLaTeX (c:/Users/uzarb/AppData/Roaming/TinyTeX/texmf-dist/tex/latex/fontspec/fontspec-luatex.sty
Package: fontspec-luatex 2026/08/11 v2.9h Font selection for XeLaTeX and LuaLaTeX
\l__fontspec_script_int=\count297
\l__fontspec_language_int=\count298
\l__fontspec_strnum_int=\count299
\l__fontspec_tmp_int=\count300
\l__fontspec_tmpa_int=\count301
\l__fontspec_tmpb_int=\count302
\l__fontspec_tmpc_int=\count303
\l__fontspec_em_int=\count304
\l__fontspec_emdef_int=\count305
\l__fontspec_strong_int=\count306
\l__fontspec_strongdef_int=\count307
\l__fontspec_tmpa_dim=\dimen159
\l__fontspec_tmpb_dim=\dimen160
\l__fontspec_tmpc_dim=\dimen161
(c:/Users/uzarb/AppData/Roaming/TinyTeX/texmf-dist/tex/latex/base/fontenc.sty
Package: fontenc 2025/07/18 v2.1d Standard LaTeX package
) (c:/Users/uzarb/AppData/Roaming/TinyTeX/texmf-dist/tex/latex/fontspec/fontspec.cfg))) (c:/Users/uzarb/AppData/Roaming/TinyTeX/texmf-dist/tex/latex/base/fix-cm.sty
Package: fix-cm 2020/11/24 v1.1t fixes to LaTeX
(c:/Users/uzarb/AppData/Roaming/TinyTeX/texmf-dist/tex/latex/base/ts1enc.def
File: ts1enc.def 2001/06/05 v3.0e (jk/car/fm) Standard LaTeX file
LaTeX Font Info:    Redeclaring font encoding TS1 on input line 47.
LaTeX Encoding Info:    Redeclaring text command \capitalcedilla (encoding TS1) on input line 49.
LaTeX Encoding Info:    Redeclaring text command \capitalogonek (encoding TS1) on input line 52.
LaTeX Encoding Info:    Redeclaring text command \capitalgrave (encoding TS1) on input line 55.
LaTeX Encoding Info:    Redeclaring text command \capitalacute (encoding TS1) on input line 56.
LaTeX Encoding Info:    Redeclaring text command \capitalcircumflex (encoding TS1) on input line 57.
LaTeX Encoding Info:    Redeclaring text command \capitaltilde (encoding TS1) on input line 58.
LaTeX Encoding Info:    Redeclaring text command \capitaldieresis (encoding TS1) on input line 59.
LaTeX Encoding Info:    Redeclaring text command \capitalhungarumlaut (encoding TS1) on input line 60.
LaTeX Encoding Info:    Redeclaring text command \capitalring (encoding TS1) on input line 61.
LaTeX Encoding Info:    Redeclaring text command \capitalcaron (encoding TS1) on input line 62.
LaTeX Encoding Info:    Redeclaring text command \capitalbreve (encoding TS1) on input line 63.
LaTeX Encoding Info:    Redeclaring text command \capitalmacron (encoding TS1) on input line 64.
LaTeX Encoding Info:    Redeclaring text command \capitaldotaccent (encoding TS1) on input line 65.
LaTeX Encoding Info:    Redeclaring text command \t (encoding TS1) on input line 66.
LaTeX Encoding Info:    Redeclaring text command \capitaltie (encoding TS1) on input line 67.
LaTeX Encoding Info:    Redeclaring text command \newtie (encoding TS1) on input line 68.
LaTeX Encoding Info:    Redeclaring text command \capitalnewtie (encoding TS1) on input line 69.
LaTeX Encoding Info:    Redeclaring text symbol \textcapitalcompwordmark (encoding TS1) on input line 70.
LaTeX Encoding Info:    Redeclaring text symbol \textascendercompwordmark (encoding TS1) on input line 71.
LaTeX Encoding Info:    Redeclaring text symbol \textquotestraightbase (encoding TS1) on input line 72.
LaTeX Encoding Info:    Redeclaring text symbol \textquotestraightdblbase (encoding TS1) on input line 73.
LaTeX Encoding Info:    Redeclaring text symbol \texttwelveudash (encoding TS1) on input line 74.
LaTeX Encoding Info:    Redeclaring text symbol \textthreequartersemdash (encoding TS1) on input line 75.
LaTeX Encoding Info:    Redeclaring text symbol \textleftarrow (encoding TS1) on input line 76.
LaTeX Encoding Info:    Redeclaring text symbol \textrightarrow (encoding TS1) on input line 77.
LaTeX Encoding Info:    Redeclaring text symbol \textblank (encoding TS1) on input line 78.
LaTeX Encoding Info:    Redeclaring text symbol \textdollar (encoding TS1) on input line 79.
LaTeX Encoding Info:    Redeclaring text symbol \textquotesingle (encoding TS1) on input line 80.
LaTeX Encoding Info:    Redeclaring text command \textasteriskcentered (encoding TS1) on input line 81.
LaTeX Encoding Info:    Redeclaring text symbol \textdblhyphen (encoding TS1) on input line 92.
LaTeX Encoding Info:    Redeclaring text symbol \textfractionsolidus (encoding TS1) on input line 93.
LaTeX Encoding Info:    Redeclaring text symbol \textzerooldstyle (encoding TS1) on input line 94.
LaTeX Encoding Info:    Redeclaring text symbol \textoneoldstyle (encoding TS1) on input line 95.
LaTeX Encoding Info:    Redeclaring text symbol \texttwooldstyle (encoding TS1) on input line 96.
LaTeX Encoding Info:    Redeclaring text symbol \textthreeoldstyle (encoding TS1) on input line 97.
LaTeX Encoding Info:    Redeclaring text symbol \textfouroldstyle (encoding TS1) on input line 98.
LaTeX Encoding Info:    Redeclaring text symbol \textfiveoldstyle (encoding TS1) on input line 99.
LaTeX Encoding Info:    Redeclaring text symbol \textsixoldstyle (encoding TS1) on input line 100.
LaTeX Encoding Info:    Redeclaring text symbol \textsevenoldstyle (encoding TS1) on input line 101.
LaTeX Encoding Info:    Redeclaring text symbol \texteightoldstyle (encoding TS1) on input line 102.
LaTeX Encoding Info:    Redeclaring text symbol \textnineoldstyle (encoding TS1) on input line 103.
LaTeX Encoding Info:    Redeclaring text symbol \textlangle (encoding TS1) on input line 104.
LaTeX Encoding Info:    Redeclaring text symbol \textminus (encoding TS1) on input line 105.
LaTeX Encoding Info:    Redeclaring text symbol \textrangle (encoding TS1) on input line 106.
LaTeX Encoding Info:    Redeclaring text symbol \textmho (encoding TS1) on input line 107.
LaTeX Encoding Info:    Redeclaring text symbol \textbigcircle (encoding TS1) on input line 108.
LaTeX Encoding Info:    Redeclaring text command \textcircled (encoding TS1) on input line 109.
LaTeX Encoding Info:    Redeclaring text symbol \textohm (encoding TS1) on input line 115.
LaTeX Encoding Info:    Redeclaring text symbol \textlbrackdbl (encoding TS1) on input line 116.
LaTeX Encoding Info:    Redeclaring text symbol \textrbrackdbl (encoding TS1) on input line 117.
LaTeX Encoding Info:    Redeclaring text symbol \textuparrow (encoding TS1) on input line 118.
LaTeX Encoding Info:    Redeclaring text symbol \textdownarrow (encoding TS1) on input line 119.
LaTeX Encoding Info:    Redeclaring text symbol \textasciigrave (encoding TS1) on input line 120.
LaTeX Encoding Info:    Redeclaring text symbol \textborn (encoding TS1) on input line 121.
LaTeX Encoding Info:    Redeclaring text symbol \textdivorced (encoding TS1) on input line 122.
LaTeX Encoding Info:    Redeclaring text symbol \textdied (encoding TS1) on input line 123.
LaTeX Encoding Info:    Redeclaring text symbol \textleaf (encoding TS1) on input line 124.
LaTeX Encoding Info:    Redeclaring text symbol \textmarried (encoding TS1) on input line 125.
LaTeX Encoding Info:    Redeclaring text symbol \textmusicalnote (encoding TS1) on input line 126.
LaTeX Encoding Info:    Redeclaring text symbol \texttildelow (encoding TS1) on input line 127.
LaTeX Encoding Info:    Redeclaring text symbol \textdblhyphenchar (encoding TS1) on input line 128.
LaTeX Encoding Info:    Redeclaring text symbol \textasciibreve (encoding TS1) on input line 129.
LaTeX Encoding Info:    Redeclaring text symbol \textasciicaron (encoding TS1) on input line 130.
LaTeX Encoding Info:    Redeclaring text symbol \textacutedbl (encoding TS1) on input line 131.
LaTeX Encoding Info:    Redeclaring text symbol \textgravedbl (encoding TS1) on input line 132.
LaTeX Encoding Info:    Redeclaring text symbol \textdagger (encoding TS1) on input line 133.
LaTeX Encoding Info:    Redeclaring text symbol \textdaggerdbl (encoding TS1) on input line 134.
LaTeX Encoding Info:    Redeclaring text symbol \textbardbl (encoding TS1) on input line 135.
LaTeX Encoding Info:    Redeclaring text symbol \textperthousand (encoding TS1) on input line 136.
LaTeX Encoding Info:    Redeclaring text symbol \textbullet (encoding TS1) on input line 137.
LaTeX Encoding Info:    Redeclaring text symbol \textcelsius (encoding TS1) on input line 138.
LaTeX Encoding Info:    Redeclaring text symbol \textdollaroldstyle (encoding TS1) on input line 139.
LaTeX Encoding Info:    Redeclaring text symbol \textcentoldstyle (encoding TS1) on input line 140.
LaTeX Encoding Info:    Redeclaring text symbol \textflorin (encoding TS1) on input line 141.
LaTeX Encoding Info:    Redeclaring text symbol \textcolonmonetary (encoding TS1) on input line 142.
LaTeX Encoding Info:    Redeclaring text symbol \textwon (encoding TS1) on input line 143.
LaTeX Encoding Info:    Redeclaring text symbol \textnaira (encoding TS1) on input line 144.
LaTeX Encoding Info:    Redeclaring text symbol \textguarani (encoding TS1) on input line 145.
LaTeX Encoding Info:    Redeclaring text symbol \textpeso (encoding TS1) on input line 146.
LaTeX Encoding Info:    Redeclaring text symbol \textlira (encoding TS1) on input line 147.
LaTeX Encoding Info:    Redeclaring text symbol \textrecipe (encoding TS1) on input line 148.
LaTeX Encoding Info:    Redeclaring text symbol \textinterrobang (encoding TS1) on input line 149.
LaTeX Encoding Info:    Redeclaring text symbol \textinterrobangdown (encoding TS1) on input line 150.
LaTeX Encoding Info:    Redeclaring text symbol \textdong (encoding TS1) on input line 151.
LaTeX Encoding Info:    Redeclaring text symbol \texttrademark (encoding TS1) on input line 152.
LaTeX Encoding Info:    Redeclaring text symbol \textpertenthousand (encoding TS1) on input line 153.
LaTeX Encoding Info:    Redeclaring text symbol \textpilcrow (encoding TS1) on input line 154.
LaTeX Encoding Info:    Redeclaring text symbol \textbaht (encoding TS1) on input line 155.
LaTeX Encoding Info:    Redeclaring text symbol \textnumero (encoding TS1) on input line 156.
LaTeX Encoding Info:    Redeclaring text symbol \textdiscount (encoding TS1) on input line 157.
LaTeX Encoding Info:    Redeclaring text symbol \textestimated (encoding TS1) on input line 158.
LaTeX Encoding Info:    Redeclaring text symbol \textopenbullet (encoding TS1) on input line 159.
LaTeX Encoding Info:    Redeclaring text symbol \textservicemark (encoding TS1) on input line 160.
LaTeX Encoding Info:    Redeclaring text symbol \textlquill (encoding TS1) on input line 161.
LaTeX Encoding Info:    Redeclaring text symbol \textrquill (encoding TS1) on input line 162.
LaTeX Encoding Info:    Redeclaring text symbol \textcent (encoding TS1) on input line 163.
LaTeX Encoding Info:    Redeclaring text symbol \textsterling (encoding TS1) on input line 164.
LaTeX Encoding Info:    Redeclaring text symbol \textcurrency (encoding TS1) on input line 165.
LaTeX Encoding Info:    Redeclaring text symbol \textyen (encoding TS1) on input line 166.
LaTeX Encoding Info:    Redeclaring text symbol \textbrokenbar (encoding TS1) on input line 167.
LaTeX Encoding Info:    Redeclaring text symbol \textsection (encoding TS1) on input line 168.
LaTeX Encoding Info:    Redeclaring text symbol \textasciidieresis (encoding TS1) on input line 169.
LaTeX Encoding Info:    Redeclaring text symbol \textcopyright (encoding TS1) on input line 170.
LaTeX Encoding Info:    Redeclaring text symbol \textordfeminine (encoding TS1) on input line 171.
LaTeX Encoding Info:    Redeclaring text symbol \textcopyleft (encoding TS1) on input line 172.
LaTeX Encoding Info:    Redeclaring text symbol \textlnot (encoding TS1) on input line 173.
LaTeX Encoding Info:    Redeclaring text symbol \textcircledP (encoding TS1) on input line 174.
LaTeX Encoding Info:    Redeclaring text symbol \textregistered (encoding TS1) on input line 175.
LaTeX Encoding Info:    Redeclaring text symbol \textasciimacron (encoding TS1) on input line 176.
LaTeX Encoding Info:    Redeclaring text symbol \textdegree (encoding TS1) on input line 177.
LaTeX Encoding Info:    Redeclaring text symbol \textpm (encoding TS1) on input line 178.
LaTeX Encoding Info:    Redeclaring text symbol \texttwosuperior (encoding TS1) on input line 179.
LaTeX Encoding Info:    Redeclaring text symbol \textthreesuperior (encoding TS1) on input line 180.
LaTeX Encoding Info:    Redeclaring text symbol \textasciiacute (encoding TS1) on input line 181.
LaTeX Encoding Info:    Redeclaring text symbol \textmu (encoding TS1) on input line 182.
LaTeX Encoding Info:    Redeclaring text symbol \textparagraph (encoding TS1) on input line 183.
LaTeX Encoding Info:    Redeclaring text symbol \textperiodcentered (encoding TS1) on input line 184.
LaTeX Encoding Info:    Redeclaring text symbol \textreferencemark (encoding TS1) on input line 185.
LaTeX Encoding Info:    Redeclaring text symbol \textonesuperior (encoding TS1) on input line 186.
LaTeX Encoding Info:    Redeclaring text symbol \textordmasculine (encoding TS1) on input line 187.
LaTeX Encoding Info:    Redeclaring text symbol \textsurd (encoding TS1) on input line 188.
LaTeX Encoding Info:    Redeclaring text symbol \textonequarter (encoding TS1) on input line 189.
LaTeX Encoding Info:    Redeclaring text symbol \textonehalf (encoding TS1) on input line 190.
LaTeX Encoding Info:    Redeclaring text symbol \textthreequarters (encoding TS1) on input line 191.
LaTeX Encoding Info:    Redeclaring text symbol \texteuro (encoding TS1) on input line 192.
LaTeX Encoding Info:    Redeclaring text symbol \texttimes (encoding TS1) on input line 193.
LaTeX Encoding Info:    Redeclaring text symbol \textdiv (encoding TS1) on input line 194.
)) (c:/Users/uzarb/AppData/Roaming/TinyTeX/texmf-dist/tex/lualatex/lualatex-math/lualatex-math.sty
Package: lualatex-math 2022/01/01 v1.12 Patches for mathematics typesetting with LuaLaTeX
(c:/Users/uzarb/AppData/Roaming/TinyTeX/texmf-dist/tex/latex/etoolbox/etoolbox.sty
Package: etoolbox 2025/10/02 v2.5m e-TeX tools for LaTeX (JAW)
\etb@tempcnta=\count308
)
Lua module: lualatex-math 2013/08/03 v1.3 Patches for mathematics typesetting with LuaLaTeX)
\g__um_fam_int=\count309
\g__um_fonts_used_int=\count310
\l__um_primecount_int=\count311
\g__um_primekern_muskip=\muskip18
(c:/Users/uzarb/AppData/Roaming/TinyTeX/texmf-dist/tex/latex/unicode-math/unicode-math-table.tex))) (c:/Users/uzarb/AppData/Roaming/TinyTeX/texmf-dist/tex/latex/lm/lmodern.sty
Package: lmodern 2015/05/01 v1.6.1 Latin Modern Fonts
LaTeX Font Info:    Overwriting symbol font `operators' in version `normal'
(Font)                  OT1/cmr/m/n --> OT1/lmr/m/n on input line 22.
LaTeX Font Info:    Overwriting symbol font `letters' in version `normal'
(Font)                  OML/cmm/m/it --> OML/lmm/m/it on input line 23.
LaTeX Font Info:    Overwriting symbol font `symbols' in version `normal'
(Font)                  OMS/cmsy/m/n --> OMS/lmsy/m/n on input line 24.
LaTeX Font Info:    Overwriting symbol font `largesymbols' in version `normal'
(Font)                  OMX/cmex/m/n --> OMX/lmex/m/n on input line 25.
LaTeX Font Info:    Overwriting symbol font `operators' in version `bold'
(Font)                  OT1/cmr/bx/n --> OT1/lmr/bx/n on input line 26.
LaTeX Font Info:    Overwriting symbol font `letters' in version `bold'
(Font)                  OML/cmm/b/it --> OML/lmm/b/it on input line 27.
LaTeX Font Info:    Overwriting symbol font `symbols' in version `bold'
(Font)                  OMS/cmsy/b/n --> OMS/lmsy/b/n on input line 28.
LaTeX Font Info:    Overwriting symbol font `largesymbols' in version `bold'
(Font)                  OMX/cmex/m/n --> OMX/lmex/m/n on input line 29.
LaTeX Font Info:    Overwriting math alphabet `\mathbf' in version `normal'
(Font)                  OT1/cmr/bx/n --> OT1/lmr/bx/n on input line 31.
LaTeX Font Info:    Overwriting math alphabet `\mathsf' in version `normal'
(Font)                  OT1/cmss/m/n --> OT1/lmss/m/n on input line 32.
LaTeX Font Info:    Overwriting math alphabet `\mathit' in version `normal'
(Font)                  OT1/cmr/m/it --> OT1/lmr/m/it on input line 33.
LaTeX Font Info:    Overwriting math alphabet `\mathtt' in version `normal'
(Font)                  OT1/cmtt/m/n --> OT1/lmtt/m/n on input line 34.
LaTeX Font Info:    Overwriting math alphabet `\mathbf' in version `bold'
(Font)                  OT1/cmr/bx/n --> OT1/lmr/bx/n on input line 35.
LaTeX Font Info:    Overwriting math alphabet `\mathsf' in version `bold'
(Font)                  OT1/cmss/bx/n --> OT1/lmss/bx/n on input line 36.
LaTeX Font Info:    Overwriting math alphabet `\mathit' in version `bold'
(Font)                  OT1/cmr/bx/it --> OT1/lmr/bx/it on input line 37.
LaTeX Font Info:    Overwriting math alphabet `\mathtt' in version `bold'
(Font)                  OT1/cmtt/m/n --> OT1/lmtt/m/n on input line 38.
) (c:/Users/uzarb/AppData/Roaming/TinyTeX/texmf-dist/tex/latex/upquote/upquote.sty
Package: upquote 2012/04/19 v1.3 upright-quote and grave-accent glyphs in verbatim
(c:/Users/uzarb/AppData/Roaming/TinyTeX/texmf-dist/tex/latex/base/textcomp.sty
Package: textcomp 2024/04/24 v2.1b Standard LaTeX package
)) (c:/Users/uzarb/AppData/Roaming/TinyTeX/texmf-dist/tex/latex/microtype/microtype.sty
Package: microtype 2026/03/01 v3.2d Micro-typographical refinements (RS)
\MT@toks=\toks23
\MT@tempbox=\box57
\MT@count=\count312
LaTeX Info: Redefining \noprotrusionifhmode on input line 1084.
LaTeX Info: Redefining \leftprotrusion on input line 1085.
\MT@prot@toks=\toks24
LaTeX Info: Redefining \rightprotrusion on input line 1104.
LaTeX Info: Redefining \textls on input line 1449.
\MT@outer@kern=\dimen162
LaTeX Info: Redefining \microtypecontext on input line 2053.
LaTeX Info: Redefining \textmicrotypecontext on input line 2070.
\MT@listname@count=\count313
(c:/Users/uzarb/AppData/Roaming/TinyTeX/texmf-dist/tex/latex/microtype/microtype-luatex.def
File: microtype-luatex.def 2026/03/01 v3.2d Definitions specific to luatex (RS)
Lua module: microtype 2026/03/01 v3.2d microtype module.
Module microtype Info: overwriting function `keepligature' on input line 63
LaTeX Info: Redefining \lsstyle on input line 779.
LaTeX Info: Redefining \lslig on input line 779.
\MT@outer@space=\skip69
)
Package microtype Info: Loading configuration file microtype.cfg.
(c:/Users/uzarb/AppData/Roaming/TinyTeX/texmf-dist/tex/latex/microtype/microtype.cfg
File: microtype.cfg 2026/03/01 v3.2d microtype main configuration file (RS)
)
LaTeX Info: Redefining \microtypesetup on input line 3065.
) (c:/Users/uzarb/AppData/Roaming/TinyTeX/texmf-dist/tex/latex/setspace/setspace.sty
Package: setspace 2022/12/04 v6.7b set line spacing
) (c:/Users/uzarb/AppData/Roaming/TinyTeX/texmf-dist/tex/latex/tools/longtable.sty
Package: longtable 2026-01-28 v4.27 Multi-page Table package (DPC)
\LTleft=\skip70
\LTright=\skip71
\LTpre=\skip72
\LTpost=\skip73
\LTchunksize=\count314
\LTcapwidth=\dimen163
\LT@head=\box58
\LT@firsthead=\box59
\LT@foot=\box60
\LT@lastfoot=\box61
\LT@gbox=\box62
\LT@cols=\count315
\LT@rows=\count316
\c@LT@tables=\count317
\c@LT@chunks=\count318
\LT@p@ftn=\toks25
)
Class scrreprt Info: longtable captions redefined on input line 63.
(c:/Users/uzarb/AppData/Roaming/TinyTeX/texmf-dist/tex/latex/booktabs/booktabs.sty
Package: booktabs 2020/01/12 v1.61803398 Publication quality tables
\heavyrulewidth=\dimen164
\lightrulewidth=\dimen165
\cmidrulewidth=\dimen166
\belowrulesep=\dimen167
\belowbottomsep=\dimen168
\aboverulesep=\dimen169
\abovetopsep=\dimen170
\cmidrulesep=\dimen171
\cmidrulekern=\dimen172
\defaultaddspace=\dimen173
\@cmidla=\count319
\@cmidlb=\count320
\@aboverulesep=\dimen174
\@belowrulesep=\dimen175
\@thisruleclass=\count321
\@lastruleclass=\count322
\@thisrulewidth=\dimen176
) (c:/Users/uzarb/AppData/Roaming/TinyTeX/texmf-dist/tex/latex/tools/array.sty
Package: array 2026/02/24 v2.7b Tabular extension package (FMi)
\col@sep=\dimen177
\ar@mcellbox=\box63
\extrarowheight=\dimen178
\NC@list=\toks26
\extratabsurround=\skip74
\backup@length=\skip75
\ar@cellbox=\box64
)
\c@none=\count323
(c:/Users/uzarb/AppData/Roaming/TinyTeX/texmf-dist/tex/latex/tools/calc.sty
Package: calc 2025/03/01 v4.3b Infix arithmetic (KKT,FJ)
\calc@Acount=\count324
\calc@Bcount=\count325
\calc@Adimen=\dimen179
\calc@Bdimen=\dimen180
\calc@Askip=\skip76
\calc@Bskip=\skip77
LaTeX Info: Redefining \setlength on input line 86.
LaTeX Info: Redefining \addtolength on input line 87.
\calc@Ccount=\count326
\calc@Cskip=\skip78
) (c:/Users/uzarb/AppData/Roaming/TinyTeX/texmf-dist/tex/latex/mdwtools/footnote.sty
Package: footnote 1997/01/28 1.13 Save footnotes around boxes
\fn@notes=\box65
\fn@width=\dimen181
) (c:/Users/uzarb/AppData/Roaming/TinyTeX/texmf-dist/tex/latex/graphics/graphicx.sty
Package: graphicx 2026-05-17 v1.2e Enhanced LaTeX Graphics (DPC,SPQR)
(c:/Users/uzarb/AppData/Roaming/TinyTeX/texmf-dist/tex/latex/graphics/graphics.sty
Package: graphics 2026-05-17 v1.4h Standard LaTeX Graphics (DPC,SPQR)
(c:/Users/uzarb/AppData/Roaming/TinyTeX/texmf-dist/tex/latex/graphics/trig.sty
Package: trig 2023/12/02 v1.11 sin cos tan (DPC)
) (c:/Users/uzarb/AppData/Roaming/TinyTeX/texmf-dist/tex/latex/graphics-cfg/graphics.cfg
File: graphics.cfg 2016/06/04 v1.11 sample graphics configuration
)
Package graphics Info: Driver file: luatex.def on input line 106.
)
\Gin@req@height=\dimen182
\Gin@req@width=\dimen183
)
\pandoc@box=\box66
(c:/Users/uzarb/AppData/Roaming/TinyTeX/texmf-dist/tex/generic/babel/babel.sty
Package: babel 2026/08/21 v26.11 The multilingual framework for LuaLaTeX, pdfLaTeX and XeLaTeX
(c:/Users/uzarb/AppData/Roaming/TinyTeX/texmf-dist/tex/generic/babel/luababel.def
\bbl@readstream=\read2
\l@dumylang=\language2
Package babel Info: Non-standard hyphenation setup on input line 118.
\l@nohyphenation=\language3
\l@ukenglish=\language4
\l@usenglishmax=\language5
\l@french=\language6
\babelcatcodetablenum=\catcodetable15
\bbl@pattcodes=\catcodetable16
)
\babel@savecnt=\count327
LaTeX Encoding Info:    Redeclaring text command \ij (encoding OT1) on input line 2105.
LaTeX Encoding Info:    Redeclaring text command \IJ (encoding OT1) on input line 2107.
LaTeX Encoding Info:    Redeclaring text command \ij (encoding T1) on input line 2109.
LaTeX Encoding Info:    Redeclaring text command \IJ (encoding T1) on input line 2110.
LaTeX Encoding Info:    Ignoring declaration for text command \ij (encoding ?) on input line 2111.
LaTeX Encoding Info:    Ignoring declaration for text command \IJ (encoding ?) on input line 2113.
LaTeX Encoding Info:    Ignoring declaration for text command \SS (encoding ?) on input line 2138.
\U@D=\dimen184
\l@unhyphenated=\language7
(c:/Users/uzarb/AppData/Roaming/TinyTeX/texmf-dist/tex/generic/babel/luababel.def
\bbl@attr@locale=\attribute4
(c:/Users/uzarb/AppData/Roaming/TinyTeX/texmf-dist/tex/luatex/luatexbase/luatexbase.sty
Package: luatexbase 2015/10/04 v1.3 luatexbase interface to LuaTeX 
(c:/Users/uzarb/AppData/Roaming/TinyTeX/texmf-dist/tex/luatex/ctablestack/ctablestack.sty
Package: ctablestack 2015/10/01 v1.0 Catcode table stable support
\@catcodetablestackcnt=\count328
)
\CatcodeTableOther=\catcodetable17
\CatcodeTableExpl=\catcodetable18
)
Removing  `luaotfload.node_processor' from `pre_linebreak_filter'.
Inserting `Babel.pre_otfload_v' in `pre_linebreak_filter'.
Inserting `luaotfload.node_processor' in `pre_linebreak_filter'.
Removing  `luaotfload.node_processor' from `hpack_filter'.
Removing  `luaotfload.harf.finalize_hlist' from `hpack_filter'.
Inserting `Babel.pre_otfload_h' in `hpack_filter'.
Inserting `luaotfload.node_processor' in `hpack_filter'.
Inserting `luaotfload.harf.finalize_hlist' in `hpack_filter'.
\bbl@attr@dir=\attribute5
) (c:/Users/uzarb/AppData/Roaming/TinyTeX/texmf-dist/tex/generic/babel/locale/en/babel-english.tex) (c:/Users/uzarb/AppData/Roaming/TinyTeX/texmf-dist/tex/generic/babel/locale/ru/babel-russian.tex)
Package babel Info: Importing font and identification data for 'english'
(babel)             from babel-en.ini. Reported on input line 4460.
(c:/Users/uzarb/AppData/Roaming/TinyTeX/texmf-dist/tex/generic/babel-english/english.ldf
Language: english 2017/06/06 v3.3r English support from the babel system
Package babel Info: Hyphen rules for 'canadian' set to \l@english
(babel)             (\language0). Reported on input line 102.
Package babel Info: Hyphen rules for 'australian' set to \l@ukenglish
(babel)             (\language4). Reported on input line 105.
Package babel Info: Hyphen rules for 'newzealand' set to \l@ukenglish
(babel)             (\language4). Reported on input line 108.
)
Package babel Info: Importing data for 'russian'
(babel)             from babel-ru.ini. Reported on input line 4460.
Package babel Info: Hyphen rules for 'russian' set to \l@english
(babel)             (\language0). Reported on input line 4460.
(c:/Users/uzarb/AppData/Roaming/TinyTeX/texmf-dist/tex/generic/babel/cyrl2uni.def
File: cyrl2uni.def 2026/05/03 v0.3 Map to Unicode from Cyrillic LICR
) (c:/Users/uzarb/AppData/Roaming/TinyTeX/texmf-dist/tex/generic/babel/cyrl2uni.def
File: cyrl2uni.def 2026/05/03 v0.3 Map to Unicode from Cyrillic LICR
LaTeX Encoding Info:    Redeclaring text command \U (encoding TU) on input line 12.
LaTeX Encoding Info:    Redeclaring text command \C (encoding TU) on input line 13.
LaTeX Encoding Info:    Redeclaring text command \CYRYO (encoding TU) on input line 23.
LaTeX Encoding Info:    Redeclaring text command \CYRDJE (encoding TU) on input line 24.
LaTeX Encoding Info:    Redeclaring text command \CYRIE (encoding TU) on input line 26.
LaTeX Encoding Info:    Redeclaring text command \CYRDZE (encoding TU) on input line 27.
LaTeX Encoding Info:    Redeclaring text command \CYRII (encoding TU) on input line 28.
LaTeX Encoding Info:    Redeclaring text command \CYRYI (encoding TU) on input line 29.
LaTeX Encoding Info:    Redeclaring text command \CYRJE (encoding TU) on input line 30.
LaTeX Encoding Info:    Redeclaring text command \CYRLJE (encoding TU) on input line 31.
LaTeX Encoding Info:    Redeclaring text command \CYRNJE (encoding TU) on input line 32.
LaTeX Encoding Info:    Redeclaring text command \CYRTSHE (encoding TU) on input line 33.
LaTeX Encoding Info:    Redeclaring text command \CYRUSHRT (encoding TU) on input line 36.
LaTeX Encoding Info:    Redeclaring text command \CYRDZHE (encoding TU) on input line 37.
LaTeX Encoding Info:    Redeclaring text command \CYRA (encoding TU) on input line 38.
LaTeX Encoding Info:    Redeclaring text command \CYRB (encoding TU) on input line 39.
LaTeX Encoding Info:    Redeclaring text command \CYRV (encoding TU) on input line 40.
LaTeX Encoding Info:    Redeclaring text command \CYRG (encoding TU) on input line 41.
LaTeX Encoding Info:    Redeclaring text command \CYRD (encoding TU) on input line 42.
LaTeX Encoding Info:    Redeclaring text command \CYRE (encoding TU) on input line 43.
LaTeX Encoding Info:    Redeclaring text command \CYRZH (encoding TU) on input line 44.
LaTeX Encoding Info:    Redeclaring text command \CYRZ (encoding TU) on input line 45.
LaTeX Encoding Info:    Redeclaring text command \CYRI (encoding TU) on input line 46.
LaTeX Encoding Info:    Redeclaring text command \CYRISHRT (encoding TU) on input line 47.
LaTeX Encoding Info:    Redeclaring text command \CYRK (encoding TU) on input line 48.
LaTeX Encoding Info:    Redeclaring text command \CYRL (encoding TU) on input line 49.
LaTeX Encoding Info:    Redeclaring text command \CYRM (encoding TU) on input line 50.
LaTeX Encoding Info:    Redeclaring text command \CYRN (encoding TU) on input line 51.
LaTeX Encoding Info:    Redeclaring text command \CYRO (encoding TU) on input line 52.
LaTeX Encoding Info:    Redeclaring text command \CYRP (encoding TU) on input line 53.
LaTeX Encoding Info:    Redeclaring text command \CYRR (encoding TU) on input line 54.
LaTeX Encoding Info:    Redeclaring text command \CYRS (encoding TU) on input line 55.
LaTeX Encoding Info:    Redeclaring text command \CYRT (encoding TU) on input line 56.
LaTeX Encoding Info:    Redeclaring text command \CYRU (encoding TU) on input line 57.
LaTeX Encoding Info:    Redeclaring text command \CYRF (encoding TU) on input line 58.
LaTeX Encoding Info:    Redeclaring text command \CYRH (encoding TU) on input line 59.
LaTeX Encoding Info:    Redeclaring text command \CYRC (encoding TU) on input line 60.
LaTeX Encoding Info:    Redeclaring text command \CYRCH (encoding TU) on input line 61.
LaTeX Encoding Info:    Redeclaring text command \CYRSH (encoding TU) on input line 62.
LaTeX Encoding Info:    Redeclaring text command \CYRSHCH (encoding TU) on input line 63.
LaTeX Encoding Info:    Redeclaring text command \CYRHRDSN (encoding TU) on input line 64.
LaTeX Encoding Info:    Redeclaring text command \CYRERY (encoding TU) on input line 65.
LaTeX Encoding Info:    Redeclaring text command \CYRSFTSN (encoding TU) on input line 66.
LaTeX Encoding Info:    Redeclaring text command \CYREREV (encoding TU) on input line 67.
LaTeX Encoding Info:    Redeclaring text command \CYRYU (encoding TU) on input line 68.
LaTeX Encoding Info:    Redeclaring text command \CYRYA (encoding TU) on input line 69.
LaTeX Encoding Info:    Redeclaring text command \cyra (encoding TU) on input line 70.
LaTeX Encoding Info:    Redeclaring text command \cyrb (encoding TU) on input line 71.
LaTeX Encoding Info:    Redeclaring text command \cyrv (encoding TU) on input line 72.
LaTeX Encoding Info:    Redeclaring text command \cyrg (encoding TU) on input line 73.
LaTeX Encoding Info:    Redeclaring text command \cyrd (encoding TU) on input line 74.
LaTeX Encoding Info:    Redeclaring text command \cyre (encoding TU) on input line 75.
LaTeX Encoding Info:    Redeclaring text command \cyrzh (encoding TU) on input line 76.
LaTeX Encoding Info:    Redeclaring text command \cyrz (encoding TU) on input line 77.
LaTeX Encoding Info:    Redeclaring text command \cyri (encoding TU) on input line 78.
LaTeX Encoding Info:    Redeclaring text command \cyrishrt (encoding TU) on input line 79.
LaTeX Encoding Info:    Redeclaring text command \cyrk (encoding TU) on input line 80.
LaTeX Encoding Info:    Redeclaring text command \cyrl (encoding TU) on input line 81.
LaTeX Encoding Info:    Redeclaring text command \cyrm (encoding TU) on input line 82.
LaTeX Encoding Info:    Redeclaring text command \cyrn (encoding TU) on input line 83.
LaTeX Encoding Info:    Redeclaring text command \cyro (encoding TU) on input line 84.
LaTeX Encoding Info:    Redeclaring text command \cyrp (encoding TU) on input line 85.
LaTeX Encoding Info:    Redeclaring text command \cyrr (encoding TU) on input line 86.
LaTeX Encoding Info:    Redeclaring text command \cyrs (encoding TU) on input line 87.
LaTeX Encoding Info:    Redeclaring text command \cyrt (encoding TU) on input line 88.
LaTeX Encoding Info:    Redeclaring text command \cyru (encoding TU) on input line 89.
LaTeX Encoding Info:    Redeclaring text command \cyrf (encoding TU) on input line 90.
LaTeX Encoding Info:    Redeclaring text command \cyrh (encoding TU) on input line 91.
LaTeX Encoding Info:    Redeclaring text command \cyrc (encoding TU) on input line 92.
LaTeX Encoding Info:    Redeclaring text command \cyrch (encoding TU) on input line 93.
LaTeX Encoding Info:    Redeclaring text command \cyrsh (encoding TU) on input line 94.
LaTeX Encoding Info:    Redeclaring text command \cyrshch (encoding TU) on input line 95.
LaTeX Encoding Info:    Redeclaring text command \cyrhrdsn (encoding TU) on input line 96.
LaTeX Encoding Info:    Redeclaring text command \cyrery (encoding TU) on input line 97.
LaTeX Encoding Info:    Redeclaring text command \cyrsftsn (encoding TU) on input line 98.
LaTeX Encoding Info:    Redeclaring text command \cyrerev (encoding TU) on input line 99.
LaTeX Encoding Info:    Redeclaring text command \cyryu (encoding TU) on input line 100.
LaTeX Encoding Info:    Redeclaring text command \cyrya (encoding TU) on input line 101.
LaTeX Encoding Info:    Redeclaring text command \cyryo (encoding TU) on input line 103.
LaTeX Encoding Info:    Redeclaring text command \cyrdje (encoding TU) on input line 104.
LaTeX Encoding Info:    Redeclaring text command \cyrie (encoding TU) on input line 106.
LaTeX Encoding Info:    Redeclaring text command \cyrdze (encoding TU) on input line 107.
LaTeX Encoding Info:    Redeclaring text command \cyrii (encoding TU) on input line 108.
LaTeX Encoding Info:    Redeclaring text command \cyryi (encoding TU) on input line 109.
LaTeX Encoding Info:    Redeclaring text command \cyrje (encoding TU) on input line 110.
LaTeX Encoding Info:    Redeclaring text command \cyrlje (encoding TU) on input line 111.
LaTeX Encoding Info:    Redeclaring text command \cyrnje (encoding TU) on input line 112.
LaTeX Encoding Info:    Redeclaring text command \cyrtshe (encoding TU) on input line 113.
LaTeX Encoding Info:    Redeclaring text command \cyrushrt (encoding TU) on input line 116.
LaTeX Encoding Info:    Redeclaring text command \cyrdzhe (encoding TU) on input line 117.
LaTeX Encoding Info:    Redeclaring text command \CYRYAT (encoding TU) on input line 118.
LaTeX Encoding Info:    Redeclaring text command \cyryat (encoding TU) on input line 119.
LaTeX Encoding Info:    Redeclaring text command \CYRBYUS (encoding TU) on input line 120.
LaTeX Encoding Info:    Redeclaring text command \cyrbyus (encoding TU) on input line 121.
LaTeX Encoding Info:    Redeclaring text command \CYRFITA (encoding TU) on input line 122.
LaTeX Encoding Info:    Redeclaring text command \cyrfita (encoding TU) on input line 123.
LaTeX Encoding Info:    Redeclaring text command \CYRIZH (encoding TU) on input line 124.
LaTeX Encoding Info:    Redeclaring text command \cyrizh (encoding TU) on input line 125.
LaTeX Encoding Info:    Redeclaring text command \CYRSEMISFTSN (encoding TU) on input line 128.
LaTeX Encoding Info:    Redeclaring text command \cyrsemisftsn (encoding TU) on input line 129.
LaTeX Encoding Info:    Redeclaring text command \CYRRTICK (encoding TU) on input line 130.
LaTeX Encoding Info:    Redeclaring text command \cyrrtick (encoding TU) on input line 131.
LaTeX Encoding Info:    Redeclaring text command \CYRGUP (encoding TU) on input line 132.
LaTeX Encoding Info:    Redeclaring text command \cyrgup (encoding TU) on input line 133.
LaTeX Encoding Info:    Redeclaring text command \CYRGHCRS (encoding TU) on input line 134.
LaTeX Encoding Info:    Redeclaring text command \cyrghcrs (encoding TU) on input line 135.
LaTeX Encoding Info:    Redeclaring text command \CYRGHK (encoding TU) on input line 136.
LaTeX Encoding Info:    Redeclaring text command \cyrghk (encoding TU) on input line 137.
LaTeX Encoding Info:    Redeclaring text command \CYRZHDSC (encoding TU) on input line 138.
LaTeX Encoding Info:    Redeclaring text command \cyrzhdsc (encoding TU) on input line 139.
LaTeX Encoding Info:    Redeclaring text command \CYRZDSC (encoding TU) on input line 140.
LaTeX Encoding Info:    Redeclaring text command \cyrzdsc (encoding TU) on input line 141.
LaTeX Encoding Info:    Redeclaring text command \CYRKDSC (encoding TU) on input line 142.
LaTeX Encoding Info:    Redeclaring text command \cyrkdsc (encoding TU) on input line 143.
LaTeX Encoding Info:    Redeclaring text command \CYRKVCRS (encoding TU) on input line 144.
LaTeX Encoding Info:    Redeclaring text command \cyrkvcrs (encoding TU) on input line 145.
LaTeX Encoding Info:    Redeclaring text command \CYRKHCRS (encoding TU) on input line 146.
LaTeX Encoding Info:    Redeclaring text command \cyrkhcrs (encoding TU) on input line 147.
LaTeX Encoding Info:    Redeclaring text command \CYRKBEAK (encoding TU) on input line 148.
LaTeX Encoding Info:    Redeclaring text command \cyrkbeak (encoding TU) on input line 149.
LaTeX Encoding Info:    Redeclaring text command \CYRNDSC (encoding TU) on input line 150.
LaTeX Encoding Info:    Redeclaring text command \cyrndsc (encoding TU) on input line 151.
LaTeX Encoding Info:    Redeclaring text command \CYRNG (encoding TU) on input line 152.
LaTeX Encoding Info:    Redeclaring text command \cyrng (encoding TU) on input line 153.
LaTeX Encoding Info:    Redeclaring text command \CYRPHK (encoding TU) on input line 154.
LaTeX Encoding Info:    Redeclaring text command \cyrphk (encoding TU) on input line 155.
LaTeX Encoding Info:    Redeclaring text command \CYRABHHA (encoding TU) on input line 156.
LaTeX Encoding Info:    Redeclaring text command \cyrabhha (encoding TU) on input line 157.
LaTeX Encoding Info:    Redeclaring text command \CYRSDSC (encoding TU) on input line 158.
LaTeX Encoding Info:    Redeclaring text command \cyrsdsc (encoding TU) on input line 159.
LaTeX Encoding Info:    Redeclaring text command \CYRTDSC (encoding TU) on input line 160.
LaTeX Encoding Info:    Redeclaring text command \cyrtdsc (encoding TU) on input line 161.
LaTeX Encoding Info:    Redeclaring text command \CYRY (encoding TU) on input line 162.
LaTeX Encoding Info:    Redeclaring text command \cyry (encoding TU) on input line 163.
LaTeX Encoding Info:    Redeclaring text command \CYRYHCRS (encoding TU) on input line 164.
LaTeX Encoding Info:    Redeclaring text command \cyryhcrs (encoding TU) on input line 165.
LaTeX Encoding Info:    Redeclaring text command \CYRHDSC (encoding TU) on input line 166.
LaTeX Encoding Info:    Redeclaring text command \cyrhdsc (encoding TU) on input line 167.
LaTeX Encoding Info:    Redeclaring text command \CYRTETSE (encoding TU) on input line 168.
LaTeX Encoding Info:    Redeclaring text command \cyrtetse (encoding TU) on input line 169.
LaTeX Encoding Info:    Redeclaring text command \CYRCHRDSC (encoding TU) on input line 170.
LaTeX Encoding Info:    Redeclaring text command \cyrchrdsc (encoding TU) on input line 171.
LaTeX Encoding Info:    Redeclaring text command \CYRCHVCRS (encoding TU) on input line 172.
LaTeX Encoding Info:    Redeclaring text command \cyrchvcrs (encoding TU) on input line 173.
LaTeX Encoding Info:    Redeclaring text command \CYRSHHA (encoding TU) on input line 174.
LaTeX Encoding Info:    Redeclaring text command \cyrshha (encoding TU) on input line 175.
LaTeX Encoding Info:    Redeclaring text command \CYRABHCH (encoding TU) on input line 176.
LaTeX Encoding Info:    Redeclaring text command \cyrabhch (encoding TU) on input line 177.
LaTeX Encoding Info:    Redeclaring text command \CYRABHCHDSC (encoding TU) on input line 178.
LaTeX Encoding Info:    Redeclaring text command \cyrabhchdsc (encoding TU) on input line 179.
LaTeX Encoding Info:    Redeclaring text command \CYRpalochka (encoding TU) on input line 180.
LaTeX Encoding Info:    Redeclaring text command \CYRKHK (encoding TU) on input line 183.
LaTeX Encoding Info:    Redeclaring text command \cyrkhk (encoding TU) on input line 184.
LaTeX Encoding Info:    Redeclaring text command \CYRLDSC (encoding TU) on input line 185.
LaTeX Encoding Info:    Redeclaring text command \cyrldsc (encoding TU) on input line 186.
LaTeX Encoding Info:    Redeclaring text command \CYRNHK (encoding TU) on input line 187.
LaTeX Encoding Info:    Redeclaring text command \cyrnhk (encoding TU) on input line 188.
LaTeX Encoding Info:    Redeclaring text command \CYRCHLDSC (encoding TU) on input line 189.
LaTeX Encoding Info:    Redeclaring text command \cyrchldsc (encoding TU) on input line 190.
LaTeX Encoding Info:    Redeclaring text command \CYRMDSC (encoding TU) on input line 191.
LaTeX Encoding Info:    Redeclaring text command \cyrmdsc (encoding TU) on input line 192.
LaTeX Encoding Info:    Redeclaring text command \CYRAE (encoding TU) on input line 197.
LaTeX Encoding Info:    Redeclaring text command \cyrae (encoding TU) on input line 198.
LaTeX Encoding Info:    Redeclaring text command \CYRSCHWA (encoding TU) on input line 201.
LaTeX Encoding Info:    Redeclaring text command \cyrschwa (encoding TU) on input line 202.
LaTeX Encoding Info:    Redeclaring text command \CYRABHDZE (encoding TU) on input line 209.
LaTeX Encoding Info:    Redeclaring text command \cyrabhdze (encoding TU) on input line 210.
LaTeX Encoding Info:    Redeclaring text command \CYROTLD (encoding TU) on input line 217.
LaTeX Encoding Info:    Redeclaring text command \cyrotld (encoding TU) on input line 218.
LaTeX Encoding Info:    Redeclaring text command \CYRGDSC (encoding TU) on input line 229.
LaTeX Encoding Info:    Redeclaring text command \cyrgdsc (encoding TU) on input line 230.
LaTeX Encoding Info:    Redeclaring text command \CYRGDSCHCRS (encoding TU) on input line 233.
LaTeX Encoding Info:    Redeclaring text command \cyrgdschcrs (encoding TU) on input line 234.
LaTeX Encoding Info:    Redeclaring text command \CYRHHK (encoding TU) on input line 235.
LaTeX Encoding Info:    Redeclaring text command \cyrhhk (encoding TU) on input line 236.
LaTeX Encoding Info:    Redeclaring text command \CYRHHCRS (encoding TU) on input line 237.
LaTeX Encoding Info:    Redeclaring text command \cyrhhcrs (encoding TU) on input line 238.
)) (c:/Users/uzarb/AppData/Roaming/TinyTeX/texmf-dist/tex/lualatex/selnolig/selnolig.sty
=== Package selnolig, Version 0.302, Date 2015/10/26 ===
Package: selnolig 2015/10/26
(c:/Users/uzarb/AppData/Roaming/TinyTeX/texmf-dist/tex/generic/iftex/ifluatex.sty
Package: ifluatex 2019/10/25 v1.5 ifluatex legacy package. Use iftex instead.
)
Inserting `Suppress ligatures selectively' in `ligaturing'. (c:/Users/uzarb/AppData/Roaming/TinyTeX/texmf-dist/tex/lualatex/selnolig/selnolig-english-patterns.sty
Package: selnolig-english-patterns 2015/10/26
) (c:/Users/uzarb/AppData/Roaming/TinyTeX/texmf-dist/tex/lualatex/selnolig/selnolig-english-hyphex.sty
Package: selnolig-english-hyphex 2015/10/26
)) (c:/Users/uzarb/AppData/Roaming/TinyTeX/texmf-dist/tex/latex/biblatex/biblatex.sty
Package: biblatex 2026/08/13 v3.22 programmable bibliographies (PK/MW)
(c:/Users/uzarb/AppData/Roaming/TinyTeX/texmf-dist/tex/generic/pdftexcmds/pdftexcmds.sty
Package: pdftexcmds 2020-06-27 v0.33 Utility functions of pdfTeX for LuaTeX (HO)
(c:/Users/uzarb/AppData/Roaming/TinyTeX/texmf-dist/tex/generic/infwarerr/infwarerr.sty
Package: infwarerr 2019/12/03 v1.5 Providing info/warning/error messages (HO)
) (c:/Users/uzarb/AppData/Roaming/TinyTeX/texmf-dist/tex/generic/ltxcmds/ltxcmds.sty
Package: ltxcmds 2023-12-04 v1.26 LaTeX kernel commands for general use (HO)
)
Package pdftexcmds Info: \pdf@primitive is available.
Package pdftexcmds Info: \pdf@ifprimitive is available.
Package pdftexcmds Info: \pdfdraftmode found.
\pdftexcmds@toks=\toks27
) (c:/Users/uzarb/AppData/Roaming/TinyTeX/texmf-dist/tex/latex/kvoptions/kvoptions.sty
Package: kvoptions 2022-06-15 v3.15 Key value format for package options (HO)
(c:/Users/uzarb/AppData/Roaming/TinyTeX/texmf-dist/tex/latex/kvsetkeys/kvsetkeys.sty
Package: kvsetkeys 2022-10-05 v1.19 Key value parser (HO)
)) (c:/Users/uzarb/AppData/Roaming/TinyTeX/texmf-dist/tex/latex/logreq/logreq.sty
Package: logreq 2010/08/04 v1.0 xml request logger
\lrq@indent=\count329
(c:/Users/uzarb/AppData/Roaming/TinyTeX/texmf-dist/tex/latex/logreq/logreq.def
File: logreq.def 2010/08/04 v1.0 logreq spec v1.0
)) (c:/Users/uzarb/AppData/Roaming/TinyTeX/texmf-dist/tex/latex/base/ifthen.sty
Package: ifthen 2024/03/16 v1.1e Standard LaTeX ifthen package (DPC)
) (c:/Users/uzarb/AppData/Roaming/TinyTeX/texmf-dist/tex/latex/url/url.sty
\Urlmuskip=\muskip19
Package: url 2013/09/16  ver 3.4  Verb mode for urls, etc.
)
\c@tabx@nest=\count330
\c@listtotal=\count331
\c@listcount=\count332
\c@liststart=\count333
\c@liststop=\count334
\c@citecount=\count335
\c@citetotal=\count336
\c@multicitecount=\count337
\c@multicitetotal=\count338
\c@instcount=\count339
\c@maxnames=\count340
\c@minnames=\count341
\c@maxitems=\count342
\c@minitems=\count343
\c@citecounter=\count344
\c@maxcitecounter=\count345
\c@savedcitecounter=\count346
\c@uniquelist=\count347
\c@uniquename=\count348
\c@refsection=\count349
\c@refsegment=\count350
\c@maxextratitle=\count351
\c@maxextratitleyear=\count352
\c@maxextraname=\count353
\c@maxextradate=\count354
\c@maxextraalpha=\count355
\c@abbrvpenalty=\count356
\c@highnamepenalty=\count357
\c@lownamepenalty=\count358
\c@maxparens=\count359
\c@parenlevel=\count360
\blx@tempcnta=\count361
\blx@tempcntb=\count362
\blx@tempcntc=\count363
\c@blx@maxsection=\count364
\blx@maxsegment@0=\count365
\blx@notetype=\count366
\blx@parenlevel@text=\count367
\blx@parenlevel@foot=\count368
\blx@sectionciteorder@0=\count369
\blx@sectionciteorderinternal@0=\count370
\blx@entrysetcounter=\count371
\blx@biblioinstance=\count372
\labelnumberwidth=\skip79
\labelalphawidth=\skip80
\biblabelsep=\skip81
\bibitemsep=\skip82
\bibnamesep=\skip83
\bibinitsep=\skip84
\bibparsep=\skip85
\bibhang=\skip86
\blx@bcfin=\read3
\blx@bcfout=\write3
\blx@langwohyphens=\language8
\c@mincomprange=\count373
\c@maxcomprange=\count374
\c@mincompwidth=\count375
Package biblatex Info: Trying to load biblatex default data model...
Package biblatex Info: ... file 'blx-dm.def' found.
(c:/Users/uzarb/AppData/Roaming/TinyTeX/texmf-dist/tex/latex/biblatex/blx-dm.def
File: blx-dm.def 2026/08/13 v3.22 biblatex datamodel (PK/MW)
)
Package biblatex Info: Trying to load biblatex style data model...
Package biblatex Info: ... file 'gost-numeric.dbx' found.
(c:/Users/uzarb/AppData/Roaming/TinyTeX/texmf-dist/tex/latex/biblatex-gost/gost-numeric.dbx
File: gost-numeric.dbx 2023/04/25 v1.24 biblatex-gost data model
Package biblatex Info: Trying to load biblatex-gost data model...
Package biblatex Info: ... file 'biblatex-gost.dbx' found.
(c:/Users/uzarb/AppData/Roaming/TinyTeX/texmf-dist/tex/latex/biblatex-gost/biblatex-gost.dbx
File: biblatex-gost.dbx 2023/04/25 v1.24 biblatex-gost data model
))
Package biblatex Info: Trying to load biblatex custom data model...
Package biblatex Info: ... file 'biblatex-dm.cfg' not found.
\c@afterword=\count376
\c@savedafterword=\count377
\c@annotator=\count378
\c@savedannotator=\count379
\c@author=\count380
\c@savedauthor=\count381
\c@bookauthor=\count382
\c@savedbookauthor=\count383
\c@commentator=\count384
\c@savedcommentator=\count385
\c@editor=\count386
\c@savededitor=\count387
\c@editora=\count388
\c@savededitora=\count389
\c@editorb=\count390
\c@savededitorb=\count391
\c@editorc=\count392
\c@savededitorc=\count393
\c@foreword=\count394
\c@savedforeword=\count395
\c@holder=\count396
\c@savedholder=\count397
\c@introduction=\count398
\c@savedintroduction=\count399
\c@namea=\count400
\c@savednamea=\count401
\c@nameb=\count402
\c@savednameb=\count403
\c@namec=\count404
\c@savednamec=\count405
\c@translator=\count406
\c@savedtranslator=\count407
\c@shortauthor=\count408
\c@savedshortauthor=\count409
\c@shorteditor=\count410
\c@savedshorteditor=\count411
\c@booktranslator=\count412
\c@savedbooktranslator=\count413
\c@bookcommentator=\count414
\c@savedbookcommentator=\count415
\c@bookannotator=\count416
\c@savedbookannotator=\count417
\c@bookintroduction=\count418
\c@savedbookintroduction=\count419
\c@bookforeword=\count420
\c@savedbookforeword=\count421
\c@bookafterword=\count422
\c@savedbookafterword=\count423
\c@labelname=\count424
\c@savedlabelname=\count425
\c@institution=\count426
\c@savedinstitution=\count427
\c@lista=\count428
\c@savedlista=\count429
\c@listb=\count430
\c@savedlistb=\count431
\c@listc=\count432
\c@savedlistc=\count433
\c@listd=\count434
\c@savedlistd=\count435
\c@liste=\count436
\c@savedliste=\count437
\c@listf=\count438
\c@savedlistf=\count439
\c@location=\count440
\c@savedlocation=\count441
\c@organization=\count442
\c@savedorganization=\count443
\c@origlocation=\count444
\c@savedoriglocation=\count445
\c@origpublisher=\count446
\c@savedorigpublisher=\count447
\c@publisher=\count448
\c@savedpublisher=\count449
\c@language=\count450
\c@savedlanguage=\count451
\c@origlanguage=\count452
\c@savedoriglanguage=\count453
\c@bookoriglanguage=\count454
\c@savedbookoriglanguage=\count455
\c@specdata=\count456
\c@savedspecdata=\count457
\c@credits=\count458
\c@savedcredits=\count459
\c@bookcredits=\count460
\c@savedbookcredits=\count461
\c@editioncredits=\count462
\c@savededitioncredits=\count463
\c@pageref=\count464
\c@savedpageref=\count465
\shorthandwidth=\skip87
\shortjournalwidth=\skip88
\shortserieswidth=\skip89
\shorttitlewidth=\skip90
\shortauthorwidth=\skip91
\shorteditorwidth=\skip92
\locallabelnumberwidth=\skip93
\locallabelalphawidth=\skip94
\localshorthandwidth=\skip95
\localshortjournalwidth=\skip96
\localshortserieswidth=\skip97
\localshorttitlewidth=\skip98
\localshortauthorwidth=\skip99
\localshorteditorwidth=\skip100
Package biblatex Info: Trying to load enhanced support for Unicode engines...
Package biblatex Info: ... file 'blx-unicode.def' found.
(c:/Users/uzarb/AppData/Roaming/TinyTeX/texmf-dist/tex/latex/biblatex/blx-unicode.def)
Package biblatex Info: Trying to load compatibility code...
Package biblatex Info: ... file 'blx-compat.def' found.
(c:/Users/uzarb/AppData/Roaming/TinyTeX/texmf-dist/tex/latex/biblatex/blx-compat.def
File: blx-compat.def 2026/08/13 v3.22 biblatex compatibility (PK/MW)
)
Package biblatex Info: Trying to load generic definitions...
Package biblatex Info: ... file 'biblatex.def' found.
(c:/Users/uzarb/AppData/Roaming/TinyTeX/texmf-dist/tex/latex/biblatex/biblatex.def
File: biblatex.def 2026/08/13 v3.22 biblatex compatibility (PK/MW)
\c@textcitecount=\count466
\c@textcitetotal=\count467
\c@textcitemaxnames=\count468
\c@biburlbigbreakpenalty=\count469
\c@biburlbreakpenalty=\count470
\c@biburlnumpenalty=\count471
\c@biburlucpenalty=\count472
\c@biburllcpenalty=\count473
\biburlbigskip=\muskip20
\biburlnumskip=\muskip21
\biburlucskip=\muskip22
\biburllcskip=\muskip23
\c@smartand=\count474
)
Package biblatex Info: Trying to load bibliography style 'gost-numeric'...
Package biblatex Info: ... file 'gost-numeric.bbx' found.
(c:/Users/uzarb/AppData/Roaming/TinyTeX/texmf-dist/tex/latex/biblatex-gost/gost-numeric.bbx
File: gost-numeric.bbx 2023/04/25 v1.24 biblatex-gost styles
Package biblatex Info: Trying to load bibliography style 'gost-standard'...
Package biblatex Info: ... file 'gost-standard.bbx' found.
(c:/Users/uzarb/AppData/Roaming/TinyTeX/texmf-dist/tex/latex/biblatex-gost/gost-standard.bbx
File: gost-standard.bbx 2023/04/25 v1.24 biblatex-gost styles
Package biblatex Info: Trying to load biblatex-gost generic definitions...
Package biblatex Info: ... file 'biblatex-gost.def' found.
(c:/Users/uzarb/AppData/Roaming/TinyTeX/texmf-dist/tex/latex/biblatex-gost/biblatex-gost.def
File: biblatex-gost.def 2023/04/25 v1.24 biblatex-gost styles
)
\c@blx@gost@pointer=\count475
\c@bbx:relatedcount=\count476
\c@bbx:relatedtotal=\count477
Package biblatex Info: Redefining autocite command 'footnote'.
Package biblatex Info: Redefining autocite command 'superscript'.
))
Package biblatex Info: Trying to load citation style 'gost-numeric'...
Package biblatex Info: ... file 'gost-numeric.cbx' found.
(c:/Users/uzarb/AppData/Roaming/TinyTeX/texmf-dist/tex/latex/biblatex-gost/gost-numeric.cbx
File: gost-numeric.cbx 2023/04/25 v1.24 biblatex-gost styles
Package biblatex Info: Trying to load citation style 'numeric-comp'...
Package biblatex Info: ... file 'numeric-comp.cbx' found.
(c:/Users/uzarb/AppData/Roaming/TinyTeX/texmf-dist/tex/latex/biblatex/cbx/numeric-comp.cbx
File: numeric-comp.cbx 2026/08/13 v3.22 biblatex citation style (PK/MW)
\c@cbx@tempcnta=\count478
\c@cbx@tempcntb=\count479
\c@cbx@tempcntc=\count480
\c@cbx@tempcntd=\count481
Package biblatex Info: Redefining '\cite'.
Package biblatex Info: Redefining '\parencite'.
Package biblatex Info: Redefining '\footcite'.
Package biblatex Info: Redefining '\footcitetext'.
Package biblatex Info: Redefining '\smartcite'.
Package biblatex Info: Redefining '\supercite'.
Package biblatex Info: Redefining '\textcite'.
Package biblatex Info: Redefining '\textcites'.
Package biblatex Info: Redefining '\cites'.
Package biblatex Info: Redefining '\parencites'.
Package biblatex Info: Redefining '\smartcites'.
))
Package biblatex Info: Trying to load configuration file...
Package biblatex Info: ... file 'biblatex.cfg' found.
(c:/Users/uzarb/AppData/Roaming/TinyTeX/texmf-dist/tex/latex/biblatex/biblatex.cfg
File: biblatex.cfg 
)
Package biblatex Info: LuaTeX detected.
(biblatex)             Assuming input encoding 'utf8'.
Package biblatex Info: Document encoding is UTF8 ....
Package biblatex Info: ... and expl3
(biblatex)             2026-08-10 L3 programming layer (loader) 
(biblatex)             is new enough (at least 2020/04/06),
(biblatex)             setting 'casechanger=expl3'.
(c:/Users/uzarb/AppData/Roaming/TinyTeX/texmf-dist/tex/latex/biblatex/blx-case-expl3.sty
Package: blx-case-expl3 2026/08/13 v3.22 expl3 case changing code for biblatex
)) (c:/Users/uzarb/AppData/Roaming/TinyTeX/texmf-dist/tex/latex/csquotes/csquotes.sty
Package: csquotes 2026-05-19 v5.2p context-sensitive quotations (JAW)
\csq@reset=\count482
\csq@gtype=\count483
\csq@glevel=\count484
\csq@qlevel=\count485
\csq@maxlvl=\count486
\csq@tshold=\count487
\csq@ltx@everypar=\toks28
(c:/Users/uzarb/AppData/Roaming/TinyTeX/texmf-dist/tex/latex/csquotes/csquotes.def
File: csquotes.def 2026-05-19 v5.2p csquotes generic definitions (JAW)
)
Package csquotes Info: Trying to load configuration file 'csquotes.cfg'...
Package csquotes Info: ... configuration file loaded successfully.
(c:/Users/uzarb/AppData/Roaming/TinyTeX/texmf-dist/tex/latex/csquotes/csquotes.cfg
File: csquotes.cfg 
)) (c:/Users/uzarb/AppData/Roaming/TinyTeX/texmf-dist/tex/latex/tools/indentfirst.sty
Package: indentfirst 2023/07/02 v1.03 Indent first paragraph (DPC)
) (c:/Users/uzarb/AppData/Roaming/TinyTeX/texmf-dist/tex/latex/float/float.sty
Package: float 2001/11/08 v1.3d Float enhancements (AL)
\c@float@type=\count488
\float@exts=\toks29
\float@box=\box67
\@float@everytoks=\toks30
\@floatcapt=\box68
) (c:/Users/uzarb/AppData/Roaming/TinyTeX/texmf-dist/tex/latex/libertine/libertine.sty
Package: libertine 2024/04/23 (Bob Tennent) Supports Libertine and Biolinum fonts for all LaTeX engines.
(c:/Users/uzarb/AppData/Roaming/TinyTeX/texmf-dist/tex/generic/iftex/ifxetex.sty
Package: ifxetex 2019/10/25 v0.7 ifxetex legacy package. Use iftex instead.
) (c:/Users/uzarb/AppData/Roaming/TinyTeX/texmf-dist/tex/latex/xkeyval/xkeyval.sty
Package: xkeyval 2025/11/04 v2.10 package option processing (HA)
(c:/Users/uzarb/AppData/Roaming/TinyTeX/texmf-dist/tex/generic/xkeyval/xkeyval.tex (c:/Users/uzarb/AppData/Roaming/TinyTeX/texmf-dist/tex/generic/xkeyval/xkvutils.tex
\XKV@toks=\toks31
\XKV@tempa@toks=\toks32
\XKV@tempb@toks=\toks33
)
\XKV@depth=\count489
File: xkeyval.tex 2014/12/03 v2.7a key=value parser (HA)
))

Package fontspec Info: 
(fontspec)             LinLibertine_R scale = 1.


Package fontspec Info: 
(fontspec)             LinLibertine_R scale = 1.


Package fontspec Info: 
(fontspec)             LinLibertine_R scale = 1.


Package fontspec Info: 
(fontspec)             LinLibertine_R scale = 1.


Package fontspec Info: 
(fontspec)             LinLibertine_R scale = 1.


Package fontspec Info: 
(fontspec)             LinLibertine_R scale = 1.


Package fontspec Info: 
(fontspec)             LinLibertine_RB scale = 1.


Package fontspec Info: 
(fontspec)             LinLibertine_RB scale = 1.


Package fontspec Info: 
(fontspec)             LinLibertine_RB scale = 1.


Package fontspec Info: 
(fontspec)             LinLibertine_RB scale = 1.


Package fontspec Info: 
(fontspec)             LinLibertine_RI scale = 1.


Package fontspec Info: 
(fontspec)             LinLibertine_RI scale = 1.


Package fontspec Info: 
(fontspec)             LinLibertine_RI scale = 1.


Package fontspec Info: 
(fontspec)             LinLibertine_RI scale = 1.


Package fontspec Info: 
(fontspec)             LinLibertine_RBI scale = 1.


Package fontspec Info: 
(fontspec)             LinLibertine_RBI scale = 1.


Package fontspec Info: 
(fontspec)             LinLibertine_RBI scale = 1.


Package fontspec Info: 
(fontspec)             LinLibertine_RBI scale = 1.


Package fontspec Info: 
(fontspec)             Font family 'LinLibertine(0)' created for font
(fontspec)             'LinLibertine' with options [Ligatures = TeX,Extension
(fontspec)             =
(fontspec)             .otf,SmallCapsFeatures={Letters=SmallCaps},Ligatures=TeX,Scale=1,Numbers
(fontspec)             = {Monospaced,Lining},Scale = 1,UprightFont =
(fontspec)             *_R,ItalicFont = *_RI,BoldFont = *_RB,BoldItalicFont =
(fontspec)             *_RBI].
(fontspec)              
(fontspec)              This font family consists of the following NFSS
(fontspec)             series/shapes:
(fontspec)              
(fontspec)             - 'normal' (m/n) with NFSS spec.:
(fontspec)             <->s*[1]"[LinLibertine_R.otf]:mode=node;script=latn;language=dflt;+tlig;+tnum;+lnum;"
(fontspec)             - 'small caps'  (m/sc) with NFSS spec.:
(fontspec)             <->s*[1]"[LinLibertine_R.otf]:mode=node;script=latn;language=dflt;+tlig;+tnum;+lnum;+smcp;"
(fontspec)             - 'bold' (b/n) with NFSS spec.:
(fontspec)             <->s*[1]"[LinLibertine_RB.otf]:mode=node;script=latn;language=dflt;+tlig;+tnum;+lnum;"
(fontspec)             - 'bold small caps'  (b/sc) with NFSS spec.:
(fontspec)             <->s*[1]"[LinLibertine_RB.otf]:mode=node;script=latn;language=dflt;+tlig;+tnum;+lnum;+smcp;"
(fontspec)             - 'italic' (m/it) with NFSS spec.:
(fontspec)             <->s*[1]"[LinLibertine_RI.otf]:mode=node;script=latn;language=dflt;+tlig;+tnum;+lnum;"
(fontspec)             - 'italic small caps'  (m/scit) with NFSS spec.:
(fontspec)             <->s*[1]"[LinLibertine_RI.otf]:mode=node;script=latn;language=dflt;+tlig;+tnum;+lnum;+smcp;"
(fontspec)             - 'bold italic' (b/it) with NFSS spec.:
(fontspec)             <->s*[1]"[LinLibertine_RBI.otf]:mode=node;script=latn;language=dflt;+tlig;+tnum;+lnum;"
(fontspec)             - 'bold italic small caps'  (b/scit) with NFSS spec.:
(fontspec)             <->s*[1]"[LinLibertine_RBI.otf]:mode=node;script=latn;language=dflt;+tlig;+tnum;+lnum;+smcp;"


Package fontspec Info: 
(fontspec)             LinLibertine_R scale = 1.


Package fontspec Info: 
(fontspec)             LinLibertine_R scale = 1.


Package fontspec Info: 
(fontspec)             LinLibertine_R scale = 1.


Package fontspec Info: 
(fontspec)             LinLibertine_RB scale = 1.


Package fontspec Info: 
(fontspec)             LinLibertine_RB scale = 1.


Package fontspec Info: 
(fontspec)             LinLibertine_RI scale = 1.


Package fontspec Info: 
(fontspec)             LinLibertine_RI scale = 1.


Package fontspec Info: 
(fontspec)             LinLibertine_RBI scale = 1.


Package fontspec Info: 
(fontspec)             LinLibertine_RBI scale = 1.


Package fontspec Info: 
(fontspec)             Font family 'LinLibertine(1)' created for font
(fontspec)             'LinLibertine' with options [Ligatures = TeX,Extension
(fontspec)             =
(fontspec)             .otf,SmallCapsFeatures={Letters=SmallCaps},Renderer=Basic,Numbers
(fontspec)             = {Monospaced,Lining},Scale = 1,UprightFont =
(fontspec)             *_R,ItalicFont = *_RI,BoldFont = *_RB,BoldItalicFont =
(fontspec)             *_RBI].
(fontspec)              
(fontspec)              This font family consists of the following NFSS
(fontspec)             series/shapes:
(fontspec)              
(fontspec)             - 'normal' (m/n) with NFSS spec.:
(fontspec)             <->s*[1]"[LinLibertine_R.otf]:mode=base;script=latn;language=dflt;+tlig;+tnum;+lnum;"
(fontspec)             - 'small caps'  (m/sc) with NFSS spec.:
(fontspec)             <->s*[1]"[LinLibertine_R.otf]:mode=base;script=latn;language=dflt;+tlig;+tnum;+lnum;+smcp;"
(fontspec)             - 'bold' (b/n) with NFSS spec.:
(fontspec)             <->s*[1]"[LinLibertine_RB.otf]:mode=base;script=latn;language=dflt;+tlig;+tnum;+lnum;"
(fontspec)             - 'bold small caps'  (b/sc) with NFSS spec.:
(fontspec)             <->s*[1]"[LinLibertine_RB.otf]:mode=base;script=latn;language=dflt;+tlig;+tnum;+lnum;+smcp;"
(fontspec)             - 'italic' (m/it) with NFSS spec.:
(fontspec)             <->s*[1]"[LinLibertine_RI.otf]:mode=base;script=latn;language=dflt;+tlig;+tnum;+lnum;"
(fontspec)             - 'italic small caps'  (m/scit) with NFSS spec.:
(fontspec)             <->s*[1]"[LinLibertine_RI.otf]:mode=base;script=latn;language=dflt;+tlig;+tnum;+lnum;+smcp;"
(fontspec)             - 'bold italic' (b/it) with NFSS spec.:
(fontspec)             <->s*[1]"[LinLibertine_RBI.otf]:mode=base;script=latn;language=dflt;+tlig;+tnum;+lnum;"
(fontspec)             - 'bold italic small caps'  (b/scit) with NFSS spec.:
(fontspec)             <->s*[1]"[LinLibertine_RBI.otf]:mode=base;script=latn;language=dflt;+tlig;+tnum;+lnum;+smcp;"

LaTeX Font Info:    Overwriting math alphabet `\mathrm' in version `normal'
(Font)                  OT1/lmr/m/n --> TU/LinLibertine(1)/m/n on input line 307.
LaTeX Font Info:    Overwriting math alphabet `\mathit' in version `normal'
(Font)                  OT1/lmr/m/it --> TU/LinLibertine(1)/m/it on input line 307.
LaTeX Font Info:    Overwriting math alphabet `\mathbf' in version `normal'
(Font)                  OT1/lmr/bx/n --> TU/LinLibertine(1)/b/n on input line 307.
LaTeX Font Info:    Font shape `TU/LinLibertine(0)/m/n' will be
(Font)              scaled to size 12.0pt on input line 307.

Package fontspec Info: 
(fontspec)             LinBiolinum_R scale = 1.


Package fontspec Info: 
(fontspec)             LinBiolinum_R scale = 1.


Package fontspec Info: 
(fontspec)             LinBiolinum_R scale = 1.


Package fontspec Info: 
(fontspec)             LinBiolinum_RB scale = 1.


Package fontspec Info: 
(fontspec)             LinBiolinum_RB scale = 1.


Package fontspec Info: 
(fontspec)             LinBiolinum_RI scale = 1.


Package fontspec Info: 
(fontspec)             LinBiolinum_RI scale = 1.


Package fontspec Info: 
(fontspec)             LinBiolinum_RBO scale = 1.


Package fontspec Info: 
(fontspec)             LinBiolinum_RBO scale = 1.


Package fontspec Info: 
(fontspec)             Font family 'LinBiolinum(0)' created for font
(fontspec)             'LinBiolinum' with options [Ligatures = TeX,Extension =
(fontspec)             .otf,SmallCapsFeatures={Letters=SmallCaps},Ligatures=TeX,Numbers
(fontspec)             = {Monospaced, Lining},Scale = 1,UprightFont =
(fontspec)             *_R,ItalicFont = *_RI,BoldFont = *_RB,BoldItalicFont =
(fontspec)             *_RBO].
(fontspec)              
(fontspec)              This font family consists of the following NFSS
(fontspec)             series/shapes:
(fontspec)              
(fontspec)             - 'normal' (m/n) with NFSS spec.:
(fontspec)             <->s*[1]"[LinBiolinum_R.otf]:mode=node;script=latn;language=dflt;+tlig;+tnum;+lnum;"
(fontspec)             - 'small caps'  (m/sc) with NFSS spec.:
(fontspec)             <->s*[1]"[LinBiolinum_R.otf]:mode=node;script=latn;language=dflt;+tlig;+tnum;+lnum;+smcp;"
(fontspec)             - 'bold' (b/n) with NFSS spec.:
(fontspec)             <->s*[1]"[LinBiolinum_RB.otf]:mode=node;script=latn;language=dflt;+tlig;+tnum;+lnum;"
(fontspec)             - 'bold small caps'  (b/sc) with NFSS spec.:
(fontspec)             <->s*[1]"[LinBiolinum_RB.otf]:mode=node;script=latn;language=dflt;+tlig;+tnum;+lnum;+smcp;"
(fontspec)             - 'italic' (m/it) with NFSS spec.:
(fontspec)             <->s*[1]"[LinBiolinum_RI.otf]:mode=node;script=latn;language=dflt;+tlig;+tnum;+lnum;"
(fontspec)             - 'italic small caps'  (m/scit) with NFSS spec.:
(fontspec)             <->s*[1]"[LinBiolinum_RI.otf]:mode=node;script=latn;language=dflt;+tlig;+tnum;+lnum;+smcp;"
(fontspec)             - 'bold italic' (b/it) with NFSS spec.:
(fontspec)             <->s*[1]"[LinBiolinum_RBO.otf]:mode=node;script=latn;language=dflt;+tlig;+tnum;+lnum;"
(fontspec)             - 'bold italic small caps'  (b/scit) with NFSS spec.:
(fontspec)             <->s*[1]"[LinBiolinum_RBO.otf]:mode=node;script=latn;language=dflt;+tlig;+tnum;+lnum;+smcp;"


Package fontspec Info: 
(fontspec)             LinBiolinum_R scale = 1.


Package fontspec Info: 
(fontspec)             LinBiolinum_R scale = 1.


Package fontspec Info: 
(fontspec)             LinBiolinum_R scale = 1.


Package fontspec Info: 
(fontspec)             LinBiolinum_RB scale = 1.


Package fontspec Info: 
(fontspec)             LinBiolinum_RB scale = 1.


Package fontspec Info: 
(fontspec)             LinBiolinum_RI scale = 1.


Package fontspec Info: 
(fontspec)             LinBiolinum_RI scale = 1.


Package fontspec Info: 
(fontspec)             LinBiolinum_RBO scale = 1.


Package fontspec Info: 
(fontspec)             LinBiolinum_RBO scale = 1.


Package fontspec Info: 
(fontspec)             Font family 'LinBiolinum(1)' created for font
(fontspec)             'LinBiolinum' with options [Ligatures = TeX,Extension =
(fontspec)             .otf,SmallCapsFeatures={Letters=SmallCaps},Renderer=Basic,Numbers
(fontspec)             = {Monospaced, Lining},Scale = 1,UprightFont =
(fontspec)             *_R,ItalicFont = *_RI,BoldFont = *_RB,BoldItalicFont =
(fontspec)             *_RBO].
(fontspec)              
(fontspec)              This font family consists of the following NFSS
(fontspec)             series/shapes:
(fontspec)              
(fontspec)             - 'normal' (m/n) with NFSS spec.:
(fontspec)             <->s*[1]"[LinBiolinum_R.otf]:mode=base;script=latn;language=dflt;+tlig;+tnum;+lnum;"
(fontspec)             - 'small caps'  (m/sc) with NFSS spec.:
(fontspec)             <->s*[1]"[LinBiolinum_R.otf]:mode=base;script=latn;language=dflt;+tlig;+tnum;+lnum;+smcp;"
(fontspec)             - 'bold' (b/n) with NFSS spec.:
(fontspec)             <->s*[1]"[LinBiolinum_RB.otf]:mode=base;script=latn;language=dflt;+tlig;+tnum;+lnum;"
(fontspec)             - 'bold small caps'  (b/sc) with NFSS spec.:
(fontspec)             <->s*[1]"[LinBiolinum_RB.otf]:mode=base;script=latn;language=dflt;+tlig;+tnum;+lnum;+smcp;"
(fontspec)             - 'italic' (m/it) with NFSS spec.:
(fontspec)             <->s*[1]"[LinBiolinum_RI.otf]:mode=base;script=latn;language=dflt;+tlig;+tnum;+lnum;"
(fontspec)             - 'italic small caps'  (m/scit) with NFSS spec.:
(fontspec)             <->s*[1]"[LinBiolinum_RI.otf]:mode=base;script=latn;language=dflt;+tlig;+tnum;+lnum;+smcp;"
(fontspec)             - 'bold italic' (b/it) with NFSS spec.:
(fontspec)             <->s*[1]"[LinBiolinum_RBO.otf]:mode=base;script=latn;language=dflt;+tlig;+tnum;+lnum;"
(fontspec)             - 'bold italic small caps'  (b/scit) with NFSS spec.:
(fontspec)             <->s*[1]"[LinBiolinum_RBO.otf]:mode=base;script=latn;language=dflt;+tlig;+tnum;+lnum;+smcp;"

LaTeX Font Info:    Overwriting math alphabet `\mathsf' in version `normal'
(Font)                  OT1/lmss/m/n --> TU/LinBiolinum(1)/m/n on input line 318.
LaTeX Font Info:    Overwriting math alphabet `\mathsf' in version `bold'
(Font)                  OT1/lmss/bx/n --> TU/LinBiolinum(1)/b/n on input line 318.

Package fontspec Info: 
(fontspec)             LinLibertine_R scale = 1.


Package fontspec Info: 
(fontspec)             LinLibertine_R scale = 1.


Package fontspec Info: 
(fontspec)             LinLibertine_R scale = 1.


Package fontspec Info: 
(fontspec)             LinLibertine_RB scale = 1.


Package fontspec Info: 
(fontspec)             LinLibertine_RB scale = 1.


Package fontspec Info: 
(fontspec)             LinLibertine_RI scale = 1.


Package fontspec Info: 
(fontspec)             LinLibertine_RI scale = 1.


Package fontspec Info: 
(fontspec)             LinLibertine_RBI scale = 1.


Package fontspec Info: 
(fontspec)             LinLibertine_RBI scale = 1.


Package fontspec Info: 
(fontspec)             Font family 'LinLibertine(2)' created for font
(fontspec)             'LinLibertine' with options [Ligatures = TeX,Extension
(fontspec)             = .otf,SmallCapsFeatures={Letters=SmallCaps},Numbers =
(fontspec)             {Monospaced,Lining},Scale = 1,UprightFont =
(fontspec)             *_R,ItalicFont = *_RI,BoldFont = *_RB,BoldItalicFont =
(fontspec)             *_RBI].
(fontspec)              
(fontspec)              This font family consists of the following NFSS
(fontspec)             series/shapes:
(fontspec)              
(fontspec)             - 'normal' (m/n) with NFSS spec.:
(fontspec)             <->s*[1]"[LinLibertine_R.otf]:mode=node;script=latn;language=dflt;+tlig;+tnum;+lnum;"
(fontspec)             - 'small caps'  (m/sc) with NFSS spec.:
(fontspec)             <->s*[1]"[LinLibertine_R.otf]:mode=node;script=latn;language=dflt;+tlig;+tnum;+lnum;+smcp;"
(fontspec)             - 'bold' (b/n) with NFSS spec.:
(fontspec)             <->s*[1]"[LinLibertine_RB.otf]:mode=node;script=latn;language=dflt;+tlig;+tnum;+lnum;"
(fontspec)             - 'bold small caps'  (b/sc) with NFSS spec.:
(fontspec)             <->s*[1]"[LinLibertine_RB.otf]:mode=node;script=latn;language=dflt;+tlig;+tnum;+lnum;+smcp;"
(fontspec)             - 'italic' (m/it) with NFSS spec.:
(fontspec)             <->s*[1]"[LinLibertine_RI.otf]:mode=node;script=latn;language=dflt;+tlig;+tnum;+lnum;"
(fontspec)             - 'italic small caps'  (m/scit) with NFSS spec.:
(fontspec)             <->s*[1]"[LinLibertine_RI.otf]:mode=node;script=latn;language=dflt;+tlig;+tnum;+lnum;+smcp;"
(fontspec)             - 'bold italic' (b/it) with NFSS spec.:
(fontspec)             <->s*[1]"[LinLibertine_RBI.otf]:mode=node;script=latn;language=dflt;+tlig;+tnum;+lnum;"
(fontspec)             - 'bold italic small caps'  (b/scit) with NFSS spec.:
(fontspec)             <->s*[1]"[LinLibertine_RBI.otf]:mode=node;script=latn;language=dflt;+tlig;+tnum;+lnum;+smcp;"


Package fontspec Info: 
(fontspec)             LinLibertine_RZ scale = 1.


Package fontspec Info: 
(fontspec)             LinLibertine_RZ scale = 1.


Package fontspec Info: 
(fontspec)             LinLibertine_RZ scale = 1.


Package fontspec Info: 
(fontspec)             LinLibertine_RB scale = 1.


Package fontspec Info: 
(fontspec)             LinLibertine_RB scale = 1.


Package fontspec Info: 
(fontspec)             LinLibertine_RZI scale = 1.


Package fontspec Info: 
(fontspec)             LinLibertine_RZI scale = 1.


Package fontspec Info: 
(fontspec)             LinLibertine_RBI scale = 1.


Package fontspec Info: 
(fontspec)             LinLibertine_RBI scale = 1.


Package fontspec Info: 
(fontspec)             Font family 'LinLibertine(3)' created for font
(fontspec)             'LinLibertine' with options [Ligatures = TeX,Extension
(fontspec)             = .otf,SmallCapsFeatures={Letters=SmallCaps},Numbers =
(fontspec)             { Monospaced, Lining},Scale = 1,UprightFont =
(fontspec)             *_RZ,ItalicFont = *_RZI,BoldFont = *_RB,BoldItalicFont
(fontspec)             = *_RBI].
(fontspec)              
(fontspec)              This font family consists of the following NFSS
(fontspec)             series/shapes:
(fontspec)              
(fontspec)             - 'normal' (m/n) with NFSS spec.:
(fontspec)             <->s*[1]"[LinLibertine_RZ.otf]:mode=node;script=latn;language=dflt;+tlig;+tnum;+lnum;"
(fontspec)             - 'small caps'  (m/sc) with NFSS spec.:
(fontspec)             <->s*[1]"[LinLibertine_RZ.otf]:mode=node;script=latn;language=dflt;+tlig;+tnum;+lnum;+smcp;"
(fontspec)             - 'bold' (b/n) with NFSS spec.:
(fontspec)             <->s*[1]"[LinLibertine_RB.otf]:mode=node;script=latn;language=dflt;+tlig;+tnum;+lnum;"
(fontspec)             - 'bold small caps'  (b/sc) with NFSS spec.:
(fontspec)             <->s*[1]"[LinLibertine_RB.otf]:mode=node;script=latn;language=dflt;+tlig;+tnum;+lnum;+smcp;"
(fontspec)             - 'italic' (m/it) with NFSS spec.:
(fontspec)             <->s*[1]"[LinLibertine_RZI.otf]:mode=node;script=latn;language=dflt;+tlig;+tnum;+lnum;"
(fontspec)             - 'italic small caps'  (m/scit) with NFSS spec.:
(fontspec)             <->s*[1]"[LinLibertine_RZI.otf]:mode=node;script=latn;language=dflt;+tlig;+tnum;+lnum;+smcp;"
(fontspec)             - 'bold italic' (b/it) with NFSS spec.:
(fontspec)             <->s*[1]"[LinLibertine_RBI.otf]:mode=node;script=latn;language=dflt;+tlig;+tnum;+lnum;"
(fontspec)             - 'bold italic small caps'  (b/scit) with NFSS spec.:
(fontspec)             <->s*[1]"[LinLibertine_RBI.otf]:mode=node;script=latn;language=dflt;+tlig;+tnum;+lnum;+smcp;"


Package fontspec Info: 
(fontspec)             LinLibertine_R scale = 1.


Package fontspec Info: 
(fontspec)             LinLibertine_R scale = 1.


Package fontspec Info: 
(fontspec)             LinLibertine_R scale = 1.


Package fontspec Info: 
(fontspec)             LinLibertine_RB scale = 1.


Package fontspec Info: 
(fontspec)             LinLibertine_RB scale = 1.


Package fontspec Info: 
(fontspec)             LinLibertine_RI scale = 1.


Package fontspec Info: 
(fontspec)             LinLibertine_RI scale = 1.


Package fontspec Info: 
(fontspec)             LinLibertine_RBI scale = 1.


Package fontspec Info: 
(fontspec)             LinLibertine_RBI scale = 1.


Package fontspec Info: 
(fontspec)             Font family 'LinLibertine(4)' created for font
(fontspec)             'LinLibertine' with options [Ligatures = TeX,Extension
(fontspec)             = .otf,SmallCapsFeatures={Letters=SmallCaps},Numbers =
(fontspec)             {Monospaced,OldStyle},Scale = 1,UprightFont =
(fontspec)             *_R,ItalicFont = *_RI,BoldFont = *_RB,BoldItalicFont =
(fontspec)             *_RBI].
(fontspec)              
(fontspec)              This font family consists of the following NFSS
(fontspec)             series/shapes:
(fontspec)              
(fontspec)             - 'normal' (m/n) with NFSS spec.:
(fontspec)             <->s*[1]"[LinLibertine_R.otf]:mode=node;script=latn;language=dflt;+tlig;+tnum;+onum;"
(fontspec)             - 'small caps'  (m/sc) with NFSS spec.:
(fontspec)             <->s*[1]"[LinLibertine_R.otf]:mode=node;script=latn;language=dflt;+tlig;+tnum;+onum;+smcp;"
(fontspec)             - 'bold' (b/n) with NFSS spec.:
(fontspec)             <->s*[1]"[LinLibertine_RB.otf]:mode=node;script=latn;language=dflt;+tlig;+tnum;+onum;"
(fontspec)             - 'bold small caps'  (b/sc) with NFSS spec.:
(fontspec)             <->s*[1]"[LinLibertine_RB.otf]:mode=node;script=latn;language=dflt;+tlig;+tnum;+onum;+smcp;"
(fontspec)             - 'italic' (m/it) with NFSS spec.:
(fontspec)             <->s*[1]"[LinLibertine_RI.otf]:mode=node;script=latn;language=dflt;+tlig;+tnum;+onum;"
(fontspec)             - 'italic small caps'  (m/scit) with NFSS spec.:
(fontspec)             <->s*[1]"[LinLibertine_RI.otf]:mode=node;script=latn;language=dflt;+tlig;+tnum;+onum;+smcp;"
(fontspec)             - 'bold italic' (b/it) with NFSS spec.:
(fontspec)             <->s*[1]"[LinLibertine_RBI.otf]:mode=node;script=latn;language=dflt;+tlig;+tnum;+onum;"
(fontspec)             - 'bold italic small caps'  (b/scit) with NFSS spec.:
(fontspec)             <->s*[1]"[LinLibertine_RBI.otf]:mode=node;script=latn;language=dflt;+tlig;+tnum;+onum;+smcp;"


Package fontspec Info: 
(fontspec)             LinLibertine_R scale = 1.


Package fontspec Info: 
(fontspec)             Font family 'LinLibertine(5)' created for font
(fontspec)             'LinLibertine' with options [Ligatures = TeX,Extension
(fontspec)             = .otf,SmallCapsFeatures={Letters=SmallCaps},Numbers =
(fontspec)             {Monospaced,Lining},UprightFont = *_DR,ItalicFont =
(fontspec)             *_RI,BoldFont = *_RB,BoldItalicFont = *_RBI].
(fontspec)              
(fontspec)              This font family consists of the following NFSS
(fontspec)             series/shapes:
(fontspec)              
(fontspec)             - 'normal' (m/n) with NFSS spec.:
(fontspec)             <->"[LinLibertine_DR.otf]:mode=node;script=latn;language=dflt;+tlig;+tnum;+lnum;"
(fontspec)             - 'bold' (b/n) with NFSS spec.:
(fontspec)             <->"[LinLibertine_RB.otf]:mode=node;script=latn;language=dflt;+tlig;+tnum;+lnum;"
(fontspec)             - 'bold small caps'  (b/sc) with NFSS spec.:
(fontspec)             <->"[LinLibertine_RB.otf]:mode=node;script=latn;language=dflt;+tlig;+tnum;+lnum;+smcp;"
(fontspec)             - 'italic' (m/it) with NFSS spec.:
(fontspec)             <->"[LinLibertine_RI.otf]:mode=node;script=latn;language=dflt;+tlig;+tnum;+lnum;"
(fontspec)             - 'italic small caps'  (m/scit) with NFSS spec.:
(fontspec)             <->"[LinLibertine_RI.otf]:mode=node;script=latn;language=dflt;+tlig;+tnum;+lnum;+smcp;"
(fontspec)             - 'bold italic' (b/it) with NFSS spec.:
(fontspec)             <->"[LinLibertine_RBI.otf]:mode=node;script=latn;language=dflt;+tlig;+tnum;+lnum;"
(fontspec)             - 'bold italic small caps'  (b/scit) with NFSS spec.:
(fontspec)             <->"[LinLibertine_RBI.otf]:mode=node;script=latn;language=dflt;+tlig;+tnum;+lnum;+smcp;"


Package fontspec Info: 
(fontspec)             LinBiolinum_R scale = 1.


Package fontspec Info: 
(fontspec)             LinBiolinum_R scale = 1.


Package fontspec Info: 
(fontspec)             LinBiolinum_R scale = 1.


Package fontspec Info: 
(fontspec)             LinBiolinum_RB scale = 1.


Package fontspec Info: 
(fontspec)             LinBiolinum_RB scale = 1.


Package fontspec Info: 
(fontspec)             LinBiolinum_RI scale = 1.


Package fontspec Info: 
(fontspec)             LinBiolinum_RI scale = 1.


Package fontspec Info: 
(fontspec)             LinBiolinum_RBO scale = 1.


Package fontspec Info: 
(fontspec)             LinBiolinum_RBO scale = 1.


Package fontspec Info: 
(fontspec)             Font family 'LinBiolinum(2)' created for font
(fontspec)             'LinBiolinum' with options [Ligatures = TeX,Extension =
(fontspec)             .otf,SmallCapsFeatures={Letters=SmallCaps},Numbers =
(fontspec)             {Monospaced, Lining},Scale = 1,UprightFont =
(fontspec)             *_R,ItalicFont = *_RI,BoldFont = *_RB,BoldItalicFont =
(fontspec)             *_RBO].
(fontspec)              
(fontspec)              This font family consists of the following NFSS
(fontspec)             series/shapes:
(fontspec)              
(fontspec)             - 'normal' (m/n) with NFSS spec.:
(fontspec)             <->s*[1]"[LinBiolinum_R.otf]:mode=node;script=latn;language=dflt;+tlig;+tnum;+lnum;"
(fontspec)             - 'small caps'  (m/sc) with NFSS spec.:
(fontspec)             <->s*[1]"[LinBiolinum_R.otf]:mode=node;script=latn;language=dflt;+tlig;+tnum;+lnum;+smcp;"
(fontspec)             - 'bold' (b/n) with NFSS spec.:
(fontspec)             <->s*[1]"[LinBiolinum_RB.otf]:mode=node;script=latn;language=dflt;+tlig;+tnum;+lnum;"
(fontspec)             - 'bold small caps'  (b/sc) with NFSS spec.:
(fontspec)             <->s*[1]"[LinBiolinum_RB.otf]:mode=node;script=latn;language=dflt;+tlig;+tnum;+lnum;+smcp;"
(fontspec)             - 'italic' (m/it) with NFSS spec.:
(fontspec)             <->s*[1]"[LinBiolinum_RI.otf]:mode=node;script=latn;language=dflt;+tlig;+tnum;+lnum;"
(fontspec)             - 'italic small caps'  (m/scit) with NFSS spec.:
(fontspec)             <->s*[1]"[LinBiolinum_RI.otf]:mode=node;script=latn;language=dflt;+tlig;+tnum;+lnum;+smcp;"
(fontspec)             - 'bold italic' (b/it) with NFSS spec.:
(fontspec)             <->s*[1]"[LinBiolinum_RBO.otf]:mode=node;script=latn;language=dflt;+tlig;+tnum;+lnum;"
(fontspec)             - 'bold italic small caps'  (b/scit) with NFSS spec.:
(fontspec)             <->s*[1]"[LinBiolinum_RBO.otf]:mode=node;script=latn;language=dflt;+tlig;+tnum;+lnum;+smcp;"


Package fontspec Info: 
(fontspec)             LinBiolinum_R scale = 1.


Package fontspec Info: 
(fontspec)             LinBiolinum_R scale = 1.


Package fontspec Info: 
(fontspec)             LinBiolinum_R scale = 1.


Package fontspec Info: 
(fontspec)             LinBiolinum_RB scale = 1.


Package fontspec Info: 
(fontspec)             LinBiolinum_RB scale = 1.


Package fontspec Info: 
(fontspec)             LinBiolinum_RI scale = 1.


Package fontspec Info: 
(fontspec)             LinBiolinum_RI scale = 1.


Package fontspec Info: 
(fontspec)             LinBiolinum_RBO scale = 1.


Package fontspec Info: 
(fontspec)             LinBiolinum_RBO scale = 1.


Package fontspec Info: 
(fontspec)             Font family 'LinBiolinum(3)' created for font
(fontspec)             'LinBiolinum' with options [Ligatures = TeX,Extension =
(fontspec)             .otf,SmallCapsFeatures={Letters=SmallCaps},Numbers =
(fontspec)             {Monospaced, OldStyle},Scale = 1,UprightFont =
(fontspec)             *_R,ItalicFont = *_RI,BoldFont = *_RB,BoldItalicFont =
(fontspec)             *_RBO].
(fontspec)              
(fontspec)              This font family consists of the following NFSS
(fontspec)             series/shapes:
(fontspec)              
(fontspec)             - 'normal' (m/n) with NFSS spec.:
(fontspec)             <->s*[1]"[LinBiolinum_R.otf]:mode=node;script=latn;language=dflt;+tlig;+tnum;+onum;"
(fontspec)             - 'small caps'  (m/sc) with NFSS spec.:
(fontspec)             <->s*[1]"[LinBiolinum_R.otf]:mode=node;script=latn;language=dflt;+tlig;+tnum;+onum;+smcp;"
(fontspec)             - 'bold' (b/n) with NFSS spec.:
(fontspec)             <->s*[1]"[LinBiolinum_RB.otf]:mode=node;script=latn;language=dflt;+tlig;+tnum;+onum;"
(fontspec)             - 'bold small caps'  (b/sc) with NFSS spec.:
(fontspec)             <->s*[1]"[LinBiolinum_RB.otf]:mode=node;script=latn;language=dflt;+tlig;+tnum;+onum;+smcp;"
(fontspec)             - 'italic' (m/it) with NFSS spec.:
(fontspec)             <->s*[1]"[LinBiolinum_RI.otf]:mode=node;script=latn;language=dflt;+tlig;+tnum;+onum;"
(fontspec)             - 'italic small caps'  (m/scit) with NFSS spec.:
(fontspec)             <->s*[1]"[LinBiolinum_RI.otf]:mode=node;script=latn;language=dflt;+tlig;+tnum;+onum;+smcp;"
(fontspec)             - 'bold italic' (b/it) with NFSS spec.:
(fontspec)             <->s*[1]"[LinBiolinum_RBO.otf]:mode=node;script=latn;language=dflt;+tlig;+tnum;+onum;"
(fontspec)             - 'bold italic small caps'  (b/scit) with NFSS spec.:
(fontspec)             <->s*[1]"[LinBiolinum_RBO.otf]:mode=node;script=latn;language=dflt;+tlig;+tnum;+onum;+smcp;"


Package fontspec Info: 
(fontspec)             LinBiolinum_R scale = 1.


Package fontspec Info: 
(fontspec)             LinLibertine_M scale = 1.


Package fontspec Info: 
(fontspec)             LinLibertine_M scale = 1.


Package fontspec Info: 
(fontspec)             LinLibertine_MB scale = 1.


Package fontspec Info: 
(fontspec)             LinLibertine_MO scale = 1.


Package fontspec Info: 
(fontspec)             LinLibertine_MBO scale = 1.


Package fontspec Info: 
(fontspec)             Font family 'LinLibertine(6)' created for font
(fontspec)             'LinLibertine' with options [Extension =
(fontspec)             .otf,HyphenChar=None,WordSpace={1,0,0},HyphenChar=None,PunctuationSpace=WordSpace,Scale
(fontspec)             = 1,UprightFont = *_M,ItalicFont = *_MO,BoldFont =
(fontspec)             *_MB,BoldItalicFont = *_MBO].
(fontspec)              
(fontspec)              This font family consists of the following NFSS
(fontspec)             series/shapes:
(fontspec)              
(fontspec)             - 'normal' (m/n) with NFSS spec.:
(fontspec)             <->s*[1]"[LinLibertine_M.otf]:mode=node;script=latn;language=dflt;"
(fontspec)             - 'bold' (b/n) with NFSS spec.:
(fontspec)             <->s*[1]"[LinLibertine_MB.otf]:mode=node;script=latn;language=dflt;"
(fontspec)             - 'italic' (m/it) with NFSS spec.:
(fontspec)             <->s*[1]"[LinLibertine_MO.otf]:mode=node;script=latn;language=dflt;"
(fontspec)             - 'bold italic' (b/it) with NFSS spec.:
(fontspec)             <->s*[1]"[LinLibertine_MBO.otf]:mode=node;script=latn;language=dflt;"


Package fontspec Info: 
(fontspec)             LinLibertine_M scale = 1.


Package fontspec Info: 
(fontspec)             LinLibertine_M scale = 1.


Package fontspec Info: 
(fontspec)             LinLibertine_MB scale = 1.


Package fontspec Info: 
(fontspec)             LinLibertine_MO scale = 1.


Package fontspec Info: 
(fontspec)             LinLibertine_MBO scale = 1.


Package fontspec Info: 
(fontspec)             Font family 'LinLibertine(7)' created for font
(fontspec)             'LinLibertine' with options [Extension =
(fontspec)             .otf,HyphenChar=None,Renderer=Basic,Scale =
(fontspec)             1,UprightFont = *_M,ItalicFont = *_MO,BoldFont =
(fontspec)             *_MB,BoldItalicFont = *_MBO].
(fontspec)              
(fontspec)              This font family consists of the following NFSS
(fontspec)             series/shapes:
(fontspec)              
(fontspec)             - 'normal' (m/n) with NFSS spec.:
(fontspec)             <->s*[1]"[LinLibertine_M.otf]:mode=base;script=latn;language=dflt;"
(fontspec)             - 'bold' (b/n) with NFSS spec.:
(fontspec)             <->s*[1]"[LinLibertine_MB.otf]:mode=base;script=latn;language=dflt;"
(fontspec)             - 'italic' (m/it) with NFSS spec.:
(fontspec)             <->s*[1]"[LinLibertine_MO.otf]:mode=base;script=latn;language=dflt;"
(fontspec)             - 'bold italic' (b/it) with NFSS spec.:
(fontspec)             <->s*[1]"[LinLibertine_MBO.otf]:mode=base;script=latn;language=dflt;"

LaTeX Font Info:    Overwriting math alphabet `\mathtt' in version `normal'
(Font)                  OT1/lmtt/m/n --> TU/LinLibertine(7)/m/n on input line 428.
LaTeX Font Info:    Overwriting math alphabet `\mathtt' in version `bold'
(Font)                  OT1/lmtt/m/n --> TU/LinLibertine(7)/b/n on input line 428.

Package fontspec Info: 
(fontspec)             LinLibertine_M scale = 1.


Package fontspec Info: 
(fontspec)             LinLibertine_M scale = 1.


Package fontspec Info: 
(fontspec)             LinLibertine_MB scale = 1.


Package fontspec Info: 
(fontspec)             LinLibertine_MO scale = 1.


Package fontspec Info: 
(fontspec)             LinLibertine_MBO scale = 1.


Package fontspec Info: 
(fontspec)             Font family 'LinLibertine(8)' created for font
(fontspec)             'LinLibertine' with options [Extension =
(fontspec)             .otf,HyphenChar=None,Scale = 1,UprightFont =
(fontspec)             *_M,ItalicFont = *_MO,BoldFont = *_MB,BoldItalicFont =
(fontspec)             *_MBO].
(fontspec)              
(fontspec)              This font family consists of the following NFSS
(fontspec)             series/shapes:
(fontspec)              
(fontspec)             - 'normal' (m/n) with NFSS spec.:
(fontspec)             <->s*[1]"[LinLibertine_M.otf]:mode=node;script=latn;language=dflt;"
(fontspec)             - 'bold' (b/n) with NFSS spec.:
(fontspec)             <->s*[1]"[LinLibertine_MB.otf]:mode=node;script=latn;language=dflt;"
(fontspec)             - 'italic' (m/it) with NFSS spec.:
(fontspec)             <->s*[1]"[LinLibertine_MO.otf]:mode=node;script=latn;language=dflt;"
(fontspec)             - 'bold italic' (b/it) with NFSS spec.:
(fontspec)             <->s*[1]"[LinLibertine_MBO.otf]:mode=node;script=latn;language=dflt;"


Package fontspec Info: 
(fontspec)             Font family 'LinBiolinum_K(0)' created for font
(fontspec)             'LinBiolinum_K' with options [Extension =
(fontspec)             .otf,HyphenChar=None,BoldFont={},ItalicFont={},SmallCapsFont={}].
(fontspec)              
(fontspec)              This font family consists of the following NFSS
(fontspec)             series/shapes:
(fontspec)              
(fontspec)             - 'normal' (m/n) with NFSS spec.:
(fontspec)             <->"[LinBiolinum_K.otf]:mode=node;script=latn;language=dflt;"


Package fontspec Info: 
(fontspec)             Font family 'LinLibertine_I(0)' created for font
(fontspec)             'LinLibertine_I' with options [Extension =
(fontspec)             .otf,HyphenChar=None,BoldFont={},ItalicFont={},SmallCapsFont={}].
(fontspec)              
(fontspec)              This font family consists of the following NFSS
(fontspec)             series/shapes:
(fontspec)              
(fontspec)             - 'normal' (m/n) with NFSS spec.:
(fontspec)             <->"[LinLibertine_I.otf]:mode=node;script=latn;language=dflt;"

LaTeX Info: Redefining \oldstylenums on input line 475.
LaTeX Info: Redefining \liningnums on input line 476.
(c:/Users/uzarb/AppData/Roaming/TinyTeX/texmf-dist/tex/latex/libertine/LinLibertine_R.tex) (c:/Users/uzarb/AppData/Roaming/TinyTeX/texmf-dist/tex/latex/libertine/LinBiolinum_R.tex) (c:/Users/uzarb/AppData/Roaming/TinyTeX/texmf-dist/tex/latex/libertine/LinBiolinum_K.tex) (c:/Users/uzarb/AppData/Roaming/TinyTeX/texmf-dist/tex/latex/libertine/LinLibertine_I.tex) (c:/Users/uzarb/AppData/Roaming/TinyTeX/texmf-dist/tex/latex/libertine/LKey.tex)
LaTeX Info: Redefining \textsup on input line 552.
) (c:/Users/uzarb/AppData/Roaming/TinyTeX/texmf-dist/tex/latex/caption/caption.sty
Package: caption 2023/08/05 v3.6o Customizing captions (AR)

Package tocbasic Info: Loading of class-dependent code for package caption3
(tocbasic)             prevented on line 50.

(c:/Users/uzarb/AppData/Roaming/TinyTeX/texmf-dist/tex/latex/caption/caption3.sty
Package: caption3 2023/07/31 v2.4d caption3 kernel (AR)
\caption@tempdima=\dimen185
\captionmargin=\dimen186
\caption@leftmargin=\dimen187
\caption@rightmargin=\dimen188
\caption@width=\dimen189
\caption@indent=\dimen190
\caption@parindent=\dimen191
\caption@hangindent=\dimen192
)
\c@caption@flags=\count490
\c@continuedfloat=\count491
Package caption Info: float package is loaded.
Package caption Info: longtable package is loaded.
(c:/Users/uzarb/AppData/Roaming/TinyTeX/texmf-dist/tex/latex/caption/ltcaption.sty
Package: ltcaption 2021/01/08 v1.4c longtable captions (AR)
))
\@float@every@codelisting=\toks34
\c@codelisting=\count492
(c:/Users/uzarb/AppData/Roaming/TinyTeX/texmf-dist/tex/latex/caption/subcaption.sty
Package: subcaption 2023/07/28 v1.6b Sub-captions (AR)
Package caption Info: New subtype `subfigure' on input line 238.
\c@subfigure=\count493
Package caption Info: New subtype `subtable' on input line 238.
\c@subtable=\count494
) (c:/Users/uzarb/AppData/Roaming/TinyTeX/texmf-dist/tex/latex/bookmark/bookmark.sty
Package: bookmark 2026-05-21 v1.32 PDF bookmarks (HO)
(c:/Users/uzarb/AppData/Roaming/TinyTeX/texmf-dist/tex/latex/hyperref/hyperref.sty
Package: hyperref 2026-06-17 v7.01r Hypertext links for LaTeX
(c:/Users/uzarb/AppData/Roaming/TinyTeX/texmf-dist/tex/generic/kvdefinekeys/kvdefinekeys.sty
Package: kvdefinekeys 2019-12-19 v1.6 Define keys (HO)
) (c:/Users/uzarb/AppData/Roaming/TinyTeX/texmf-dist/tex/generic/pdfescape/pdfescape.sty
Package: pdfescape 2019/12/09 v1.15 Implements pdfTeX's escape features (HO)
) (c:/Users/uzarb/AppData/Roaming/TinyTeX/texmf-dist/tex/latex/hycolor/hycolor.sty
Package: hycolor 2020-01-27 v1.10 Color options for hyperref/bookmark (HO)
) (c:/Users/uzarb/AppData/Roaming/TinyTeX/texmf-dist/tex/latex/hyperref/nameref.sty
Package: nameref 2026-01-29 v2.58 Cross-referencing by name of section
(c:/Users/uzarb/AppData/Roaming/TinyTeX/texmf-dist/tex/latex/refcount/refcount.sty
Package: refcount 2019/12/15 v3.6 Data extraction from label references (HO)
) (c:/Users/uzarb/AppData/Roaming/TinyTeX/texmf-dist/tex/generic/gettitlestring/gettitlestring.sty
Package: gettitlestring 2019/12/15 v1.6 Cleanup title references (HO)
)
\c@section@level=\count495
) (c:/Users/uzarb/AppData/Roaming/TinyTeX/texmf-dist/tex/generic/stringenc/stringenc.sty
Package: stringenc 2019/11/29 v1.12 Convert strings between diff. encodings (HO)
)
\@linkdim=\dimen193
\Hy@linkcounter=\count496
\Hy@pagecounter=\count497
(c:/Users/uzarb/AppData/Roaming/TinyTeX/texmf-dist/tex/latex/hyperref/pd1enc.def
File: pd1enc.def 2026-06-17 v7.01r Hyperref: PDFDocEncoding definition (HO)
) (c:/Users/uzarb/AppData/Roaming/TinyTeX/texmf-dist/tex/generic/intcalc/intcalc.sty
Package: intcalc 2019/12/15 v1.3 Expandable calculations with integers (HO)
)
\Hy@SavedSpaceFactor=\count498
(c:/Users/uzarb/AppData/Roaming/TinyTeX/texmf-dist/tex/latex/hyperref/puenc.def
File: puenc.def 2026-06-17 v7.01r Hyperref: PDF Unicode definition (HO)
)
Package hyperref Info: Option `unicode' set `true' on input line 3164.
Package hyperref Info: Option `unicode' set `true' on input line 4070.
Package hyperref Info: Hyper figures OFF on input line 4199.
Package hyperref Info: Link nesting OFF on input line 4204.
Package hyperref Info: Hyper index ON on input line 4207.
Package hyperref Info: Plain pages OFF on input line 4214.
Package hyperref Info: Backreferencing OFF on input line 4219.
Package hyperref Info: Implicit mode ON; LaTeX internals redefined.
Package hyperref Info: Bookmarks ON on input line 4466.
\c@Hy@tempcnt=\count499
LaTeX Info: Redefining \url on input line 4805.
\XeTeXLinkMargin=\dimen194
(c:/Users/uzarb/AppData/Roaming/TinyTeX/texmf-dist/tex/generic/bitset/bitset.sty
Package: bitset 2019/12/09 v1.3 Handle bit-vector datatype (HO)
(c:/Users/uzarb/AppData/Roaming/TinyTeX/texmf-dist/tex/generic/bigintcalc/bigintcalc.sty
Package: bigintcalc 2019/12/15 v1.5 Expandable calculations on big integers (HO)
))
\Fld@menulength=\count500
\Field@Width=\dimen195
\Fld@charsize=\dimen196
Package hyperref Info: Hyper figures OFF on input line 6091.
Package hyperref Info: Link nesting OFF on input line 6096.
Package hyperref Info: Hyper index ON on input line 6099.
Package hyperref Info: backreferencing OFF on input line 6106.
Package hyperref Info: Link coloring OFF on input line 6111.
Package hyperref Info: Link coloring with OCG OFF on input line 6116.
Package hyperref Info: PDF/A mode OFF on input line 6121.
\Hy@abspage=\count501
\c@Item=\count502
\c@Hfootnote=\count503
)
Package hyperref Info: Driver (autodetected): hluatex.
(c:/Users/uzarb/AppData/Roaming/TinyTeX/texmf-dist/tex/latex/hyperref/hluatex.def
File: hluatex.def 2026-06-17 v7.01r Hyperref driver for luaTeX
\Fld@listcount=\count504
\c@bookmark@seq@number=\count505
(c:/Users/uzarb/AppData/Roaming/TinyTeX/texmf-dist/tex/latex/rerunfilecheck/rerunfilecheck.sty
Package: rerunfilecheck 2025-06-21 v1.11 Rerun checks for auxiliary files (HO)
(c:/Users/uzarb/AppData/Roaming/TinyTeX/texmf-dist/tex/generic/uniquecounter/uniquecounter.sty
Package: uniquecounter 2019/12/15 v1.4 Provide unlimited unique counter (HO)
)
Package uniquecounter Info: New unique counter `rerunfilecheck' on input line 284.
)
\Hy@SectionHShift=\skip101
) (c:/Users/uzarb/AppData/Roaming/TinyTeX/texmf-dist/tex/latex/bookmark/bkm-luatex.def
File: bkm-luatex.def 2026-05-21 v1.32 bookmark driver for luaTeX (HO)
\BKM@id=\count506
))
Package csquotes Info: Checking for multilingual support...
Package csquotes Info: ... found 'babel' package.
Package csquotes Info: Adjusting default style.
Package csquotes Info: Redefining alias 'default' -> 'russian'.
No file simulation-modeling-lab07-report.aux.

\openout1 = simulation-modeling-lab07-report.aux
LaTeX Font Info:    Checking defaults for OML/cmm/m/it on input line 196.
LaTeX Font Info:    ... okay on input line 196.
LaTeX Font Info:    Checking defaults for OMS/cmsy/m/n on input line 196.
LaTeX Font Info:    ... okay on input line 196.
LaTeX Font Info:    Checking defaults for OT1/cmr/m/n on input line 196.
LaTeX Font Info:    ... okay on input line 196.
LaTeX Font Info:    Checking defaults for T1/cmr/m/n on input line 196.
LaTeX Font Info:    ... okay on input line 196.
LaTeX Font Info:    Checking defaults for TS1/cmr/m/n on input line 196.
LaTeX Font Info:    ... okay on input line 196.
LaTeX Font Info:    Checking defaults for TU/lmr/m/n on input line 196.
LaTeX Font Info:    ... okay on input line 196.
LaTeX Font Info:    Checking defaults for OMX/cmex/m/n on input line 196.
LaTeX Font Info:    ... okay on input line 196.
LaTeX Font Info:    Checking defaults for U/cmr/m/n on input line 196.
LaTeX Font Info:    ... okay on input line 196.
LaTeX Font Info:    Checking defaults for PD1/pdf/m/n on input line 196.
LaTeX Font Info:    ... okay on input line 196.
LaTeX Font Info:    Checking defaults for PU/pdf/m/n on input line 196.
LaTeX Font Info:    ... okay on input line 196.
Package scrbase Info: activating russian \abstractname on input line 196.
Package scrbase Info: activating russian \partname on input line 196.
Package scrbase Info: activating russian \chaptername on input line 196.
Package scrbase Info: activating russian \appendixname on input line 196.
Package scrbase Info: activating russian \figurename on input line 196.
Package scrbase Info: activating russian \tablename on input line 196.
Package scrbase Info: activating russian \contentsname on input line 196.
Package scrbase Info: activating russian \listfigurename on input line 196.
Package scrbase Info: activating russian \listtablename on input line 196.
Package scrbase Info: activating russian \bibname on input line 196.
Package scrbase Info: activating russian \indexname on input line 196.
(c:/Users/uzarb/AppData/Roaming/TinyTeX/texmf-dist/tex/latex/epstopdf-pkg/epstopdf-base.sty
Package: epstopdf-base 2020-01-24 v2.11 Base part for package epstopdf
Package epstopdf-base Info: Redefining graphics rule for `.eps' on input line 485.
(c:/Users/uzarb/AppData/Roaming/TinyTeX/texmf-dist/tex/latex/latexconfig/epstopdf-sys.cfg
File: epstopdf-sys.cfg 2010/07/13 v1.3 Configuration of (r)epstopdf for TeX Live
))

Package fontspec Info: 
(fontspec)             Font family 'latinmodern-math.otf(0)' created for font
(fontspec)             'latinmodern-math.otf' with options
(fontspec)             [Renderer=Basic,BoldItalicFont={},ItalicFont={},SmallCapsFont={},Script=Math,RawFeature={mathfontdimen=xetex},BoldFont={latinmodern-math.otf}].
(fontspec)              
(fontspec)              This font family consists of the following NFSS
(fontspec)             series/shapes:
(fontspec)              
(fontspec)             - 'normal' (m/n) with NFSS spec.:
(fontspec)             <->"[latinmodern-math.otf]:mode=base;script=math;language=dflt;mathfontdimen=xetex;"
(fontspec)             - 'bold' (b/n) with NFSS spec.:
(fontspec)             <->"[latinmodern-math.otf]:mode=base;script=math;language=dflt;mathfontdimen=xetex;"


Package fontspec Info: 
(fontspec)             Font family 'latinmodern-math.otf(1)' created for font
(fontspec)             'latinmodern-math.otf' with options
(fontspec)             [Renderer=Basic,BoldItalicFont={},ItalicFont={},SmallCapsFont={},Script=Math,SizeFeatures={{Size=10.2-},{Size=7.2-10.2,Font=latinmodern-math.otf,Style=MathScript},{Size=-7.2,Font=latinmodern-math.otf,Style=MathScriptScript}},RawFeature={mathfontdimen=xetex},BoldFont={latinmodern-math.otf}].
(fontspec)              
(fontspec)              This font family consists of the following NFSS
(fontspec)             series/shapes:
(fontspec)              
(fontspec)             - 'normal' (m/n) with NFSS spec.:
(fontspec)             <10.2->"[latinmodern-math.otf]:mode=base;script=math;language=dflt;mathfontdimen=xetex;"<7.2-10.2>"[latinmodern-math.otf]:mode=base;script=math;language=dflt;mathfontdimen=xetex;+ssty=0;"<-7.2>"[latinmodern-math.otf]:mode=base;script=math;language=dflt;mathfontdimen=xetex;+ssty=1;"
(fontspec)             - 'bold' (b/n) with NFSS spec.:
(fontspec)             <->"[latinmodern-math.otf]:mode=base;script=math;language=dflt;mathfontdimen=xetex;"

LaTeX Font Info:    Encoding `OT1' has changed to `TU' for symbol font
(Font)              `operators' in the math version `normal' on input line 196.
LaTeX Font Info:    Overwriting symbol font `operators' in version `normal'
(Font)                  OT1/lmr/m/n --> TU/latinmodern-math.otf(1)/m/n on input line 196.
LaTeX Font Info:    Encoding `OT1' has changed to `TU' for symbol font
(Font)              `operators' in the math version `bold' on input line 196.
LaTeX Font Info:    Overwriting symbol font `operators' in version `bold'
(Font)                  OT1/lmr/bx/n --> TU/latinmodern-math.otf(1)/b/n on input line 196.

Package fontspec Info: 
(fontspec)             Font family 'latinmodern-math.otf(2)' created for font
(fontspec)             'latinmodern-math.otf' with options
(fontspec)             [Renderer=Basic,BoldItalicFont={},ItalicFont={},SmallCapsFont={},Script=Math,SizeFeatures={{Size=10.2-},{Size=7.2-10.2,Font=latinmodern-math.otf,Style=MathScript},{Size=-7.2,Font=latinmodern-math.otf,Style=MathScriptScript}},RawFeature={mathfontdimen=xetex},BoldFont={latinmodern-math.otf},RawFeature={mathfontdimen=tex2}].
(fontspec)              
(fontspec)              This font family consists of the following NFSS
(fontspec)             series/shapes:
(fontspec)              
(fontspec)             - 'normal' (m/n) with NFSS spec.:
(fontspec)             <10.2->"[latinmodern-math.otf]:mode=base;script=math;language=dflt;mathfontdimen=xetex;mathfontdimen=tex2;"<7.2-10.2>"[latinmodern-math.otf]:mode=base;script=math;language=dflt;mathfontdimen=xetex;mathfontdimen=tex2;+ssty=0;"<-7.2>"[latinmodern-math.otf]:mode=base;script=math;language=dflt;mathfontdimen=xetex;mathfontdimen=tex2;+ssty=1;"
(fontspec)             - 'bold' (b/n) with NFSS spec.:
(fontspec)             <->"[latinmodern-math.otf]:mode=base;script=math;language=dflt;mathfontdimen=xetex;mathfontdimen=tex2;"

LaTeX Font Info:    Encoding `OMS' has changed to `TU' for symbol font
(Font)              `symbols' in the math version `normal' on input line 196.
LaTeX Font Info:    Overwriting symbol font `symbols' in version `normal'
(Font)                  OMS/lmsy/m/n --> TU/latinmodern-math.otf(2)/m/n on input line 196.
LaTeX Font Info:    Encoding `OMS' has changed to `TU' for symbol font
(Font)              `symbols' in the math version `bold' on input line 196.
LaTeX Font Info:    Overwriting symbol font `symbols' in version `bold'
(Font)                  OMS/lmsy/b/n --> TU/latinmodern-math.otf(2)/b/n on input line 196.

Package fontspec Info: 
(fontspec)             Font family 'latinmodern-math.otf(3)' created for font
(fontspec)             'latinmodern-math.otf' with options
(fontspec)             [Renderer=Basic,BoldItalicFont={},ItalicFont={},SmallCapsFont={},Script=Math,SizeFeatures={{Size=10.2-},{Size=7.2-10.2,Font=latinmodern-math.otf,Style=MathScript},{Size=-7.2,Font=latinmodern-math.otf,Style=MathScriptScript}},RawFeature={mathfontdimen=xetex},BoldFont={latinmodern-math.otf},RawFeature={mathfontdimen=tex3}].
(fontspec)              
(fontspec)              This font family consists of the following NFSS
(fontspec)             series/shapes:
(fontspec)              
(fontspec)             - 'normal' (m/n) with NFSS spec.:
(fontspec)             <10.2->"[latinmodern-math.otf]:mode=base;script=math;language=dflt;mathfontdimen=xetex;mathfontdimen=tex3;"<7.2-10.2>"[latinmodern-math.otf]:mode=base;script=math;language=dflt;mathfontdimen=xetex;mathfontdimen=tex3;+ssty=0;"<-7.2>"[latinmodern-math.otf]:mode=base;script=math;language=dflt;mathfontdimen=xetex;mathfontdimen=tex3;+ssty=1;"
(fontspec)             - 'bold' (b/n) with NFSS spec.:
(fontspec)             <->"[latinmodern-math.otf]:mode=base;script=math;language=dflt;mathfontdimen=xetex;mathfontdimen=tex3;"

LaTeX Font Info:    Encoding `OMX' has changed to `TU' for symbol font
(Font)              `largesymbols' in the math version `normal' on input line 196.
LaTeX Font Info:    Overwriting symbol font `largesymbols' in version `normal'
(Font)                  OMX/lmex/m/n --> TU/latinmodern-math.otf(3)/m/n on input line 196.
LaTeX Font Info:    Encoding `OMX' has changed to `TU' for symbol font
(Font)              `largesymbols' in the math version `bold' on input line 196.
LaTeX Font Info:    Overwriting symbol font `largesymbols' in version `bold'
(Font)                  OMX/lmex/m/n --> TU/latinmodern-math.otf(3)/b/n on input line 196.
LaTeX Font Info:    Trying to load font information for OML+lmm on input line 196.
(c:/Users/uzarb/AppData/Roaming/TinyTeX/texmf-dist/tex/latex/lm/omllmm.fd
File: omllmm.fd 2015/05/01 v1.6.1 Font defs for Latin Modern
)
LaTeX Font Info:    Trying to load font information for U+msa on input line 196.
(c:/Users/uzarb/AppData/Roaming/TinyTeX/texmf-dist/tex/latex/amsfonts/umsa.fd
File: umsa.fd 2013/01/14 v3.01 AMS symbols A
)
LaTeX Font Info:    Trying to load font information for U+msb on input line 196.
(c:/Users/uzarb/AppData/Roaming/TinyTeX/texmf-dist/tex/latex/amsfonts/umsb.fd
File: umsb.fd 2013/01/14 v3.01 AMS symbols B
)
LaTeX Info: Redefining \microtypecontext on input line 196.
Package microtype Info: Applying patch `item' on input line 196.
Package microtype Info: Applying patch `toc' on input line 196.
Package microtype Info: Applying patch `eqnum' on input line 196.
Package microtype Info: Applying patch `footnote' on input line 196.
Package microtype Info: Applying patch `verbatim' on input line 196.
LaTeX Info: Redefining \microtypesetup on input line 196.
Package microtype Info: Generating PDF output.
Package microtype Info: Character protrusion enabled (level 2).
Package microtype Info: Using protrusion set `basicmath'.
Package microtype Info: Automatic font expansion enabled (level 2),
(microtype)             stretch: 20, shrink: 20, step: 1, non-selected.
Package microtype Info: Using default expansion set `alltext-nott'.
Package microtype Info: Patching command `\showhyphens'.
Package microtype Info: No adjustment of tracking.
Package microtype Info: No adjustment of spacing.
Package microtype Info: No adjustment of kerning.
Package microtype Info: Loading generic protrusion settings for font family
(microtype)             `LinLibertine' (encoding: TU).
(microtype)             For optimal results, create family-specific settings.
(microtype)             See the microtype manual for details.
Removing  `Babel.pre_otfload_h' from `hpack_filter'.
Removing  `luaotfload.node_processor' from `hpack_filter'.
Removing  `luaotfload.harf.finalize_hlist' from `hpack_filter'.
Inserting `Babel.math_box_dir' in `hpack_filter'.
Inserting `Babel.pre_otfload_h' in `hpack_filter'.
Inserting `luaotfload.node_processor' in `hpack_filter'.
Inserting `luaotfload.harf.finalize_hlist' in `hpack_filter'.
Inserting `Babel.unset_atdir' in `pre_linebreak_filter'.
Inserting `Babel.unset_atdir' in `hpack_filter'.
Inserting `Babel.ensure_math_dir' in `post_mlist_to_hlist_filter'.
Package biblatex Info: Trying to load language 'english' -> 'english-gost'...
Package biblatex Info: ... file 'english-gost.lbx' found.
(c:/Users/uzarb/AppData/Roaming/TinyTeX/texmf-dist/tex/latex/biblatex-gost/english-gost.lbx
File: english-gost.lbx 2023/04/25 v1.24 biblatex-gost styles
Package biblatex Info: Trying to load language 'english'...
Package biblatex Info: ... file 'english.lbx' found.
(c:/Users/uzarb/AppData/Roaming/TinyTeX/texmf-dist/tex/latex/biblatex/lbx/english.lbx
File: english.lbx 2026/08/13 v3.22 biblatex localization (PK/MW)
)
Package biblatex Info: Trying to load language 'english'...
Package biblatex Info: ... file 'english.lbx' found.
(c:/Users/uzarb/AppData/Roaming/TinyTeX/texmf-dist/tex/latex/biblatex/lbx/english.lbx
File: english.lbx 2026/08/13 v3.22 biblatex localization (PK/MW)
))
Package biblatex Info: Trying to load language 'russian' -> 'russian-gost'...
Package biblatex Info: ... file 'russian-gost.lbx' found.
(c:/Users/uzarb/AppData/Roaming/TinyTeX/texmf-dist/tex/latex/biblatex-gost/russian-gost.lbx
File: russian-gost.lbx 2023/04/25 v1.24 biblatex-gost styles
Package biblatex Info: Trying to load language 'russian'...
Package biblatex Info: ... file 'russian.lbx' found.
(c:/Users/uzarb/AppData/Roaming/TinyTeX/texmf-dist/tex/latex/biblatex/lbx/russian.lbx
File: russian.lbx 2026/08/13 v3.22 biblatex localization (PK/MW)
)
Package biblatex Info: Trying to load language 'russian'...
Package biblatex Info: ... file 'russian.lbx' found.
(c:/Users/uzarb/AppData/Roaming/TinyTeX/texmf-dist/tex/latex/biblatex/lbx/russian.lbx
File: russian.lbx 2026/08/13 v3.22 biblatex localization (PK/MW)
))
Package biblatex Info: LuaTeX detected.
(biblatex)             Assuming input encoding 'utf8'.
Package biblatex Info: Automatic encoding selection.
(biblatex)             Assuming data encoding 'utf8'.

\openout3 = simulation-modeling-lab07-report.bcf
Package biblatex Info: Trying to load bibliographic data...
Package biblatex Info: ... file 'simulation-modeling-lab07-report.bbl' not found.
No file simulation-modeling-lab07-report.bbl.
Package biblatex Info: Reference section=0 on input line 196.
Package biblatex Info: Reference segment=0 on input line 196.
Package caption Info: Begin \AtBeginDocument code.
Package caption Info: hyperref package is loaded.
Package caption Info: End \AtBeginDocument code.
Package hyperref Info: Link coloring OFF on input line 196.
\g__cctab_next_cctab=\catcodetable19
Package babel Info: Main language set to 'russian'.
LaTeX Font Info:    Font shape `TU/LinBiolinum(0)/m/n' will be
(Font)              scaled to size 12.0pt on input line 198.
Package microtype Info: Loading generic protrusion settings for font family
(microtype)             `LinBiolinum' (encoding: TU).
(microtype)             For optimal results, create family-specific settings.
(microtype)             See the microtype manual for details.
LaTeX Font Info:    Font shape `TU/LinBiolinum(0)/b/n' will be
(Font)              scaled to size 12.0pt on input line 198.
LaTeX Font Info:    Font shape `TU/LinBiolinum(0)/b/n' will be
(Font)              scaled to size 24.88pt on input line 198.
LaTeX Font Info:    Font shape `TU/LinBiolinum(0)/b/n' will be
(Font)              scaled to size 14.4pt on input line 198.
LaTeX Font Info:    Font shape `TU/LinLibertine(0)/m/n' will be
(Font)              scaled to size 17.28pt on input line 198.
[1



{c:/Users/uzarb/AppData/Roaming/TinyTeX/texmf-var/fonts/map/pdftex/updmap/pdftex.map}]
Package tocbasic Info: character protrusion at toc deactivated on input line 202.
No file simulation-modeling-lab07-report.toc.
\tf@toc=\write4

\openout4 = simulation-modeling-lab07-report.toc
[2

]
Package tocbasic Info: character protrusion at lof deactivated on input line 204.
No file simulation-modeling-lab07-report.lof.
\tf@lof=\write5

\openout5 = simulation-modeling-lab07-report.lof
[3

]
Package tocbasic Info: character protrusion at lot deactivated on input line 205.
No file simulation-modeling-lab07-report.lot.
\tf@lot=\write6

\openout6 = simulation-modeling-lab07-report.lot
[4

]
chapter 1.
[5

]
chapter 2.
[6

]
chapter 3.
[7

]
chapter 4.
[8

]
chapter 5.
[9

]
chapter 6.
[10

]
chapter 7.
[11

]
chapter 8.
[12

]
chapter 9.
! Undefined control sequence.
<argument> \nМоделирование 
                             завершено успешно!
l.243 ...ние завершено успешно!}
                                                  )

Here is how much of LuaTeX's memory you used:
 44695 strings out of 475635
 100000,2373549 words of node,token memory allocated
 3379 words of node memory still in use:
   13 hlist, 4 vlist, 2 rule, 7 disc, 3 local_par, 1 dir, 39 glue, 6 kern, 9 penalty, 125 glyph, 532 attribute, 75 glue_spec, 180 attribute_list, 1 temp, 5 write, 1 user_defined, 1 pdf_dest, 2 pdf_colorstack nodes
   avail lists: 1:3,2:14,3:23,4:31,5:40,6:9,7:251,8:1,9:89,10:6,12:1
 66949 multiletter control sequences out of 65536+600000
 92 fonts using 27460151 bytes
 108i,7n,115p,11253b,3207s stack positions out of 10000i,1000n,20000p,200000b,200000s
!  ==> Fatal error occurred, no output PDF file produced!
