This is LuaHBTeX, Version 1.24.0 (TeX Live 2026)  (format=lualatex 2026.8.27)  4 SEP 2026 19:40
 restricted system commands enabled.
**simulation-modeling-lab07-presentation.tex
(./simulation-modeling-lab07-presentation.tex
LaTeX2e <2026-06-01>
L3 programming layer <2026-08-10>
Lua module: luaotfload 2024-12-03 v3.29 Lua based OpenType font support
Lua module: lualibs 2023-07-13 v2.76 ConTeXt Lua standard libraries.
Lua module: lualibs-extended 2023-07-13 v2.76 ConTeXt Lua libraries -- extended collection.
luaotfload | conf : Root cache directory is "C:/Users/uzarb/AppData/Roaming/TinyTeX/texmf-var/luatex-cache/generic/names".
luaotfload | init : Loading fontloader "fontloader-2023-12-28.lua" from kpse-resolved path "c:/Users/uzarb/AppData/Roaming/TinyTeX/texmf-dist/tex/luatex/luaotfload/fontloader-2023-12-28.lua".
Lua-only attribute luaotfload@noligature = 1
luaotfload | init : Context OpenType loader version 3.134
Inserting `luaotfload.node_processor' in `pre_linebreak_filter'.
Inserting `luaotfload.node_processor' in `hpack_filter'.
Inserting `luaotfload.glyph_stream' in `glyph_stream_provider'.
Inserting `luaotfload.define_font' in `define_font'.
Lua-only attribute luaotfload_color_attribute = 2
luaotfload | conf : Root cache directory is "C:/Users/uzarb/AppData/Roaming/TinyTeX/texmf-var/luatex-cache/generic/names".
Inserting `luaotfload.harf.strip_prefix' in `find_opentype_file'.
Inserting `luaotfload.harf.strip_prefix' in `find_truetype_file'.
Removing  `luaotfload.glyph_stream' from `glyph_stream_provider'.
Inserting `luaotfload.harf.glyphstream' in `glyph_stream_provider'.
Inserting `luaotfload.harf.finalize_vlist' in `post_linebreak_filter'.
Inserting `luaotfload.harf.finalize_hlist' in `hpack_filter'.
Inserting `luaotfload.cleanup_files' in `wrapup_run'.
Inserting `luaotfload.harf.finalize_unicode' in `finish_pdffile'.
Inserting `luaotfload.glyphinfo' in `glyph_info'.
Lua-only attribute luaotfload.letterspace_done = 3
Inserting `luaotfload.aux.set_sscale_dimens' in `luaotfload.patch_font'.
Inserting `luaotfload.aux.set_font_index' in `luaotfload.patch_font'.
Inserting `luaotfload.aux.patch_cambria_domh' in `luaotfload.patch_font'.
Inserting `luaotfload.aux.fixup_fontdata' in `luaotfload.patch_font_unsafe'.
Inserting `luaotfload.aux.set_capheight' in `luaotfload.patch_font'.
Inserting `luaotfload.aux.set_xheight' in `luaotfload.patch_font'.
Inserting `luaotfload.rewrite_fontname' in `luaotfload.patch_font'.
Inserting `tracingstacklevels' in `input_level_string'. (c:/Users/uzarb/AppData/Roaming/TinyTeX/texmf-dist/tex/latex/beamer/beamer.cls
Document Class: beamer 2026/08/20 v3.78 A class for typesetting presentations
(c:/Users/uzarb/AppData/Roaming/TinyTeX/texmf-dist/tex/latex/beamer/beamerbasemodes.sty (c:/Users/uzarb/AppData/Roaming/TinyTeX/texmf-dist/tex/latex/etoolbox/etoolbox.sty
Package: etoolbox 2025/10/02 v2.5m e-TeX tools for LaTeX (JAW)
\etb@tempcnta=\count274
)
\beamer@tempbox=\box53
\beamer@tempcount=\count275
\c@beamerpauses=\count276
(c:/Users/uzarb/AppData/Roaming/TinyTeX/texmf-dist/tex/latex/beamer/beamerbasedecode.sty
\beamer@slideinframe=\count277
\beamer@minimum=\count278
\beamer@decode@box=\box54
)
\beamer@commentbox=\box55
\beamer@modecount=\count279
) (c:/Users/uzarb/AppData/Roaming/TinyTeX/texmf-dist/tex/generic/iftex/iftex.sty
Package: iftex 2024/12/12 v1.0g TeX engine tests
)
\headdp=\dimen149
\footheight=\dimen150
\sidebarheight=\dimen151
\beamer@tempdim=\dimen152
\beamer@finalheight=\dimen153
\beamer@animht=\dimen154
\beamer@animdp=\dimen155
\beamer@animwd=\dimen156
\beamer@leftmargin=\dimen157
\beamer@rightmargin=\dimen158
\beamer@leftsidebar=\dimen159
\beamer@rightsidebar=\dimen160
\beamer@boxsize=\dimen161
\beamer@vboxoffset=\dimen162
\beamer@descdefault=\dimen163
\beamer@descriptionwidth=\dimen164
\beamer@lastskip=\skip49
\beamer@areabox=\box56
\beamer@animcurrent=\box57
\beamer@animshowbox=\box58
\beamer@sectionbox=\box59
\beamer@logobox=\box60
\beamer@linebox=\box61
\beamer@sectioncount=\count280
\beamer@subsubsectionmax=\count281
\beamer@subsectionmax=\count282
\beamer@sectionmax=\count283
\beamer@totalheads=\count284
\beamer@headcounter=\count285
\beamer@partstartpage=\count286
\beamer@sectionstartpage=\count287
\beamer@subsectionstartpage=\count288
\beamer@animationtempa=\count289
\beamer@animationtempb=\count290
\beamer@xpos=\count291
\beamer@ypos=\count292
\beamer@ypos@offset=\count293
\beamer@showpartnumber=\count294
\beamer@currentsubsection=\count295
\beamer@coveringdepth=\count296
\beamer@sectionadjust=\count297
\beamer@toclastsection=\count298
\beamer@tocsectionnumber=\count299
(c:/Users/uzarb/AppData/Roaming/TinyTeX/texmf-dist/tex/latex/beamer/beamerbaseoptions.sty (c:/Users/uzarb/AppData/Roaming/TinyTeX/texmf-dist/tex/latex/graphics/keyval.sty
Package: keyval 2026-05-17 v1.15 key=value parser (DPC)
\KV@toks@=\toks17
))
\beamer@paperwidth=\skip50
\beamer@paperheight=\skip51
(c:/Users/uzarb/AppData/Roaming/TinyTeX/texmf-dist/tex/latex/geometry/geometry.sty
Package: geometry 2026/03/07 v6.0 Page Geometry
(c:/Users/uzarb/AppData/Roaming/TinyTeX/texmf-dist/tex/generic/iftex/ifvtex.sty
Package: ifvtex 2019/10/25 v1.7 ifvtex legacy package. Use iftex instead.
)
\Gm@cnth=\count300
\Gm@cntv=\count301
\c@Gm@tempcnt=\count302
\Gm@bindingoffset=\dimen165
\Gm@wd@mp=\dimen166
\Gm@odd@mp=\dimen167
\Gm@even@mp=\dimen168
\Gm@layoutwidth=\dimen169
\Gm@layoutheight=\dimen170
\Gm@layouthoffset=\dimen171
\Gm@layoutvoffset=\dimen172
\Gm@dimlist=\toks18
) (c:/Users/uzarb/AppData/Roaming/TinyTeX/texmf-dist/tex/latex/pgf/math/pgfmath.sty (c:/Users/uzarb/AppData/Roaming/TinyTeX/texmf-dist/tex/latex/pgf/utilities/pgfrcs.sty (c:/Users/uzarb/AppData/Roaming/TinyTeX/texmf-dist/tex/generic/pgf/utilities/pgfutil-common.tex
\pgfutil@everybye=\toks19
\pgfutil@tempdima=\dimen173
\pgfutil@tempdimb=\dimen174
) (c:/Users/uzarb/AppData/Roaming/TinyTeX/texmf-dist/tex/generic/pgf/utilities/pgfutil-latex.def
\pgfutil@abb=\box62
) (c:/Users/uzarb/AppData/Roaming/TinyTeX/texmf-dist/tex/generic/pgf/utilities/pgfrcs.code.tex (c:/Users/uzarb/AppData/Roaming/TinyTeX/texmf-dist/tex/generic/pgf/pgf.revision.tex)
Package: pgfrcs 2026-08-01 v3.1.12 (3.1.12)
)) (c:/Users/uzarb/AppData/Roaming/TinyTeX/texmf-dist/tex/latex/pgf/utilities/pgfkeys.sty (c:/Users/uzarb/AppData/Roaming/TinyTeX/texmf-dist/tex/generic/pgf/utilities/pgfkeys.code.tex
\pgfkeys@pathtoks=\toks20
\pgfkeys@temptoks=\toks21
(c:/Users/uzarb/AppData/Roaming/TinyTeX/texmf-dist/tex/generic/pgf/utilities/pgfkeyslibraryfiltered.code.tex
\pgfkeys@tmptoks=\toks22
))) (c:/Users/uzarb/AppData/Roaming/TinyTeX/texmf-dist/tex/generic/pgf/math/pgfmath.code.tex (c:/Users/uzarb/AppData/Roaming/TinyTeX/texmf-dist/tex/generic/pgf/math/pgfmathutil.code.tex
\pgf@x=\dimen175
\pgf@xa=\dimen176
\pgf@xb=\dimen177
\pgf@xc=\dimen178
\pgf@y=\dimen179
\pgf@ya=\dimen180
\pgf@yb=\dimen181
\pgf@yc=\dimen182
\c@pgf@counta=\count303
\c@pgf@countb=\count304
\c@pgf@countc=\count305
\c@pgf@countd=\count306
) (c:/Users/uzarb/AppData/Roaming/TinyTeX/texmf-dist/tex/generic/pgf/math/pgfmathparser.code.tex
\pgfmath@dimen=\dimen183
\pgfmath@count=\count307
\pgfmath@box=\box63
\pgfmath@toks=\toks23
\pgfmath@stack@operand=\toks24
\pgfmath@stack@operation=\toks25
) (c:/Users/uzarb/AppData/Roaming/TinyTeX/texmf-dist/tex/generic/pgf/math/pgfmathfunctions.code.tex) (c:/Users/uzarb/AppData/Roaming/TinyTeX/texmf-dist/tex/generic/pgf/math/pgfmathfunctions.basic.code.tex) (c:/Users/uzarb/AppData/Roaming/TinyTeX/texmf-dist/tex/generic/pgf/math/pgfmathfunctions.trigonometric.code.tex) (c:/Users/uzarb/AppData/Roaming/TinyTeX/texmf-dist/tex/generic/pgf/math/pgfmathfunctions.random.code.tex) (c:/Users/uzarb/AppData/Roaming/TinyTeX/texmf-dist/tex/generic/pgf/math/pgfmathfunctions.comparison.code.tex) (c:/Users/uzarb/AppData/Roaming/TinyTeX/texmf-dist/tex/generic/pgf/math/pgfmathfunctions.base.code.tex) (c:/Users/uzarb/AppData/Roaming/TinyTeX/texmf-dist/tex/generic/pgf/math/pgfmathfunctions.round.code.tex) (c:/Users/uzarb/AppData/Roaming/TinyTeX/texmf-dist/tex/generic/pgf/math/pgfmathfunctions.misc.code.tex) (c:/Users/uzarb/AppData/Roaming/TinyTeX/texmf-dist/tex/generic/pgf/math/pgfmathfunctions.integerarithmetics.code.tex) (c:/Users/uzarb/AppData/Roaming/TinyTeX/texmf-dist/tex/generic/pgf/math/pgfmathcalc.code.tex) (c:/Users/uzarb/AppData/Roaming/TinyTeX/texmf-dist/tex/generic/pgf/math/pgfmathfloat.code.tex
\c@pgfmathroundto@lastzeros=\count308
))) (c:/Users/uzarb/AppData/Roaming/TinyTeX/texmf-dist/tex/latex/base/size11.clo
File: size11.clo 2025/01/22 v1.4n Standard LaTeX file (size option)
luaotfload | db : Font names database loaded from C:/Users/uzarb/AppData/Roaming/TinyTeX/texmf-var/luatex-cache/generic/names/luaotfload-names.luc.gz) (c:/Users/uzarb/AppData/Roaming/TinyTeX/texmf-dist/tex/latex/pgf/basiclayer/pgfcore.sty (c:/Users/uzarb/AppData/Roaming/TinyTeX/texmf-dist/tex/latex/graphics/graphicx.sty
Package: graphicx 2026-05-17 v1.2e Enhanced LaTeX Graphics (DPC,SPQR)
(c:/Users/uzarb/AppData/Roaming/TinyTeX/texmf-dist/tex/latex/graphics/graphics.sty
Package: graphics 2026-05-17 v1.4h Standard LaTeX Graphics (DPC,SPQR)
(c:/Users/uzarb/AppData/Roaming/TinyTeX/texmf-dist/tex/latex/graphics/trig.sty
Package: trig 2023/12/02 v1.11 sin cos tan (DPC)
) (c:/Users/uzarb/AppData/Roaming/TinyTeX/texmf-dist/tex/latex/graphics-cfg/graphics.cfg
File: graphics.cfg 2016/06/04 v1.11 sample graphics configuration
)
Package graphics Info: Driver file: luatex.def on input line 106.
(c:/Users/uzarb/AppData/Roaming/TinyTeX/texmf-dist/tex/latex/graphics-def/luatex.def
File: luatex.def 2025/09/29 v1.2f Graphics/color driver for luatex
))
\Gin@req@height=\dimen184
\Gin@req@width=\dimen185
) (c:/Users/uzarb/AppData/Roaming/TinyTeX/texmf-dist/tex/latex/pgf/systemlayer/pgfsys.sty (c:/Users/uzarb/AppData/Roaming/TinyTeX/texmf-dist/tex/generic/pgf/systemlayer/pgfsys.code.tex
Package: pgfsys 2026-08-01 v3.1.12 (3.1.12)
\pgf@x=\dimen186
\pgf@y=\dimen187
\pgf@xa=\dimen188
\pgf@ya=\dimen189
\pgf@xb=\dimen190
\pgf@yb=\dimen191
\pgf@xc=\dimen192
\pgf@yc=\dimen193
\pgf@xd=\dimen194
\pgf@yd=\dimen195
\w@pgf@writea=\write3
\r@pgf@reada=\read2
\c@pgf@counta=\count309
\c@pgf@countb=\count310
\c@pgf@countc=\count311
\c@pgf@countd=\count312
\t@pgf@toka=\toks26
\t@pgf@tokb=\toks27
\t@pgf@tokc=\toks28
\pgf@sys@id@count=\count313
Lua function pgfsys@strcmp = 31 (c:/Users/uzarb/AppData/Roaming/TinyTeX/texmf-dist/tex/generic/pgf/systemlayer/pgf.cfg
File: pgf.cfg 2026-08-01 v3.1.12 (3.1.12)
)
Driver file for pgf: pgfsys-luatex.def
(c:/Users/uzarb/AppData/Roaming/TinyTeX/texmf-dist/tex/generic/pgf/systemlayer/pgfsys-luatex.def
File: pgfsys-luatex.def 2026-08-01 v3.1.12 (3.1.12)
(c:/Users/uzarb/AppData/Roaming/TinyTeX/texmf-dist/tex/generic/pgf/systemlayer/pgfsys-common-pdf.def
File: pgfsys-common-pdf.def 2026-08-01 v3.1.12 (3.1.12)
))) (c:/Users/uzarb/AppData/Roaming/TinyTeX/texmf-dist/tex/generic/pgf/systemlayer/pgfsyssoftpath.code.tex
File: pgfsyssoftpath.code.tex 2026-08-01 v3.1.12 (3.1.12)
\pgfsyssoftpath@smallbuffer@items=\count314
\pgfsyssoftpath@bigbuffer@items=\count315
) (c:/Users/uzarb/AppData/Roaming/TinyTeX/texmf-dist/tex/generic/pgf/systemlayer/pgfsysprotocol.code.tex
File: pgfsysprotocol.code.tex 2026-08-01 v3.1.12 (3.1.12)
)) (c:/Users/uzarb/AppData/Roaming/TinyTeX/texmf-dist/tex/latex/xcolor/xcolor.sty
Package: xcolor 2024/09/29 v3.02 LaTeX color extensions (UK)
(c:/Users/uzarb/AppData/Roaming/TinyTeX/texmf-dist/tex/latex/graphics-cfg/color.cfg
File: color.cfg 2016/01/02 v1.6 sample color configuration
)
Package xcolor Info: Driver file: luatex.def on input line 274.
(c:/Users/uzarb/AppData/Roaming/TinyTeX/texmf-dist/tex/latex/graphics/mathcolor.ltx)
Package xcolor Info: Model `cmy' substituted by `cmy0' on input line 1349.
Package xcolor Info: Model `hsb' substituted by `rgb' on input line 1353.
Package xcolor Info: Model `RGB' extended on input line 1365.
Package xcolor Info: Model `HTML' substituted by `rgb' on input line 1367.
Package xcolor Info: Model `Hsb' substituted by `hsb' on input line 1368.
Package xcolor Info: Model `tHsb' substituted by `hsb' on input line 1369.
Package xcolor Info: Model `HSB' substituted by `hsb' on input line 1370.
Package xcolor Info: Model `Gray' substituted by `gray' on input line 1371.
Package xcolor Info: Model `wave' substituted by `hsb' on input line 1372.
) (c:/Users/uzarb/AppData/Roaming/TinyTeX/texmf-dist/tex/generic/pgf/basiclayer/pgfcore.code.tex
Package: pgfcore 2026-08-01 v3.1.12 (3.1.12)
(c:/Users/uzarb/AppData/Roaming/TinyTeX/texmf-dist/tex/generic/pgf/math/pgfint.code.tex) (c:/Users/uzarb/AppData/Roaming/TinyTeX/texmf-dist/tex/generic/pgf/basiclayer/pgfcorepoints.code.tex
File: pgfcorepoints.code.tex 2026-08-01 v3.1.12 (3.1.12)
\pgf@picminx=\dimen196
\pgf@picmaxx=\dimen197
\pgf@picminy=\dimen198
\pgf@picmaxy=\dimen199
\pgf@pathminx=\dimen256
\pgf@pathmaxx=\dimen257
\pgf@pathminy=\dimen258
\pgf@pathmaxy=\dimen259
\pgf@xx=\dimen260
\pgf@xy=\dimen261
\pgf@yx=\dimen262
\pgf@yy=\dimen263
\pgf@zx=\dimen264
\pgf@zy=\dimen265
) (c:/Users/uzarb/AppData/Roaming/TinyTeX/texmf-dist/tex/generic/pgf/basiclayer/pgfcorepathconstruct.code.tex
File: pgfcorepathconstruct.code.tex 2026-08-01 v3.1.12 (3.1.12)
\pgf@path@lastx=\dimen266
\pgf@path@lasty=\dimen267
) (c:/Users/uzarb/AppData/Roaming/TinyTeX/texmf-dist/tex/generic/pgf/basiclayer/pgfcorepathusage.code.tex
File: pgfcorepathusage.code.tex 2026-08-01 v3.1.12 (3.1.12)
\pgf@shorten@end@additional=\dimen268
\pgf@shorten@start@additional=\dimen269
) (c:/Users/uzarb/AppData/Roaming/TinyTeX/texmf-dist/tex/generic/pgf/basiclayer/pgfcorescopes.code.tex
File: pgfcorescopes.code.tex 2026-08-01 v3.1.12 (3.1.12)
\pgfpic=\box64
\pgf@hbox=\box65
\pgf@layerbox@main=\box66
\pgf@picture@serial@count=\count316
) (c:/Users/uzarb/AppData/Roaming/TinyTeX/texmf-dist/tex/generic/pgf/basiclayer/pgfcoregraphicstate.code.tex
File: pgfcoregraphicstate.code.tex 2026-08-01 v3.1.12 (3.1.12)
\pgflinewidth=\dimen270
) (c:/Users/uzarb/AppData/Roaming/TinyTeX/texmf-dist/tex/generic/pgf/basiclayer/pgfcoretransformations.code.tex
File: pgfcoretransformations.code.tex 2026-08-01 v3.1.12 (3.1.12)
\pgf@pt@x=\dimen271
\pgf@pt@y=\dimen272
\pgf@pt@temp=\dimen273
) (c:/Users/uzarb/AppData/Roaming/TinyTeX/texmf-dist/tex/generic/pgf/basiclayer/pgfcorequick.code.tex
File: pgfcorequick.code.tex 2026-08-01 v3.1.12 (3.1.12)
) (c:/Users/uzarb/AppData/Roaming/TinyTeX/texmf-dist/tex/generic/pgf/basiclayer/pgfcoreobjects.code.tex
File: pgfcoreobjects.code.tex 2026-08-01 v3.1.12 (3.1.12)
) (c:/Users/uzarb/AppData/Roaming/TinyTeX/texmf-dist/tex/generic/pgf/basiclayer/pgfcorepathprocessing.code.tex
File: pgfcorepathprocessing.code.tex 2026-08-01 v3.1.12 (3.1.12)
) (c:/Users/uzarb/AppData/Roaming/TinyTeX/texmf-dist/tex/generic/pgf/basiclayer/pgfcorearrows.code.tex
File: pgfcorearrows.code.tex 2026-08-01 v3.1.12 (3.1.12)
\pgfarrowsep=\dimen274
) (c:/Users/uzarb/AppData/Roaming/TinyTeX/texmf-dist/tex/generic/pgf/basiclayer/pgfcoreshade.code.tex
File: pgfcoreshade.code.tex 2026-08-01 v3.1.12 (3.1.12)
\pgf@max=\dimen275
\pgf@sys@shading@range@num=\count317
\pgf@shadingcount=\count318
) (c:/Users/uzarb/AppData/Roaming/TinyTeX/texmf-dist/tex/generic/pgf/basiclayer/pgfcoreimage.code.tex
File: pgfcoreimage.code.tex 2026-08-01 v3.1.12 (3.1.12)
) (c:/Users/uzarb/AppData/Roaming/TinyTeX/texmf-dist/tex/generic/pgf/basiclayer/pgfcoreexternal.code.tex
File: pgfcoreexternal.code.tex 2026-08-01 v3.1.12 (3.1.12)
\pgfexternal@startupbox=\box67
) (c:/Users/uzarb/AppData/Roaming/TinyTeX/texmf-dist/tex/generic/pgf/basiclayer/pgfcorelayers.code.tex
File: pgfcorelayers.code.tex 2026-08-01 v3.1.12 (3.1.12)
) (c:/Users/uzarb/AppData/Roaming/TinyTeX/texmf-dist/tex/generic/pgf/basiclayer/pgfcoretransparency.code.tex
File: pgfcoretransparency.code.tex 2026-08-01 v3.1.12 (3.1.12)
) (c:/Users/uzarb/AppData/Roaming/TinyTeX/texmf-dist/tex/generic/pgf/basiclayer/pgfcorepatterns.code.tex
File: pgfcorepatterns.code.tex 2026-08-01 v3.1.12 (3.1.12)
) (c:/Users/uzarb/AppData/Roaming/TinyTeX/texmf-dist/tex/generic/pgf/basiclayer/pgfcorerdf.code.tex
File: pgfcorerdf.code.tex 2026-08-01 v3.1.12 (3.1.12)
))) (c:/Users/uzarb/AppData/Roaming/TinyTeX/texmf-dist/tex/latex/pgf/utilities/xxcolor.sty
Package: xxcolor 2003/10/24 ver 0.1
\XC@nummixins=\count319
\XC@countmixins=\count320
) (c:/Users/uzarb/AppData/Roaming/TinyTeX/texmf-dist/tex/latex/base/atbegshi-ltx.sty
Package: atbegshi-ltx 2021/01/10 v1.0c Emulation of the original atbegshi
package with kernel methods
) (c:/Users/uzarb/AppData/Roaming/TinyTeX/texmf-dist/tex/latex/hyperref/hyperref.sty
Package: hyperref 2026-06-17 v7.01r Hypertext links for LaTeX
(c:/Users/uzarb/AppData/Roaming/TinyTeX/texmf-dist/tex/latex/kvsetkeys/kvsetkeys.sty
Package: kvsetkeys 2022-10-05 v1.19 Key value parser (HO)
) (c:/Users/uzarb/AppData/Roaming/TinyTeX/texmf-dist/tex/generic/kvdefinekeys/kvdefinekeys.sty
Package: kvdefinekeys 2019-12-19 v1.6 Define keys (HO)
) (c:/Users/uzarb/AppData/Roaming/TinyTeX/texmf-dist/tex/generic/pdfescape/pdfescape.sty
Package: pdfescape 2019/12/09 v1.15 Implements pdfTeX's escape features (HO)
(c:/Users/uzarb/AppData/Roaming/TinyTeX/texmf-dist/tex/generic/ltxcmds/ltxcmds.sty
Package: ltxcmds 2023-12-04 v1.26 LaTeX kernel commands for general use (HO)
) (c:/Users/uzarb/AppData/Roaming/TinyTeX/texmf-dist/tex/generic/pdftexcmds/pdftexcmds.sty
Package: pdftexcmds 2020-06-27 v0.33 Utility functions of pdfTeX for LuaTeX (HO)
(c:/Users/uzarb/AppData/Roaming/TinyTeX/texmf-dist/tex/generic/infwarerr/infwarerr.sty
Package: infwarerr 2019/12/03 v1.5 Providing info/warning/error messages (HO)
)
Package pdftexcmds Info: \pdf@primitive is available.
Package pdftexcmds Info: \pdf@ifprimitive is available.
Package pdftexcmds Info: \pdfdraftmode found.
\pdftexcmds@toks=\toks29
)) (c:/Users/uzarb/AppData/Roaming/TinyTeX/texmf-dist/tex/latex/hycolor/hycolor.sty
Package: hycolor 2020-01-27 v1.10 Color options for hyperref/bookmark (HO)
) (c:/Users/uzarb/AppData/Roaming/TinyTeX/texmf-dist/tex/latex/hyperref/nameref.sty
Package: nameref 2026-01-29 v2.58 Cross-referencing by name of section
(c:/Users/uzarb/AppData/Roaming/TinyTeX/texmf-dist/tex/latex/refcount/refcount.sty
Package: refcount 2019/12/15 v3.6 Data extraction from label references (HO)
) (c:/Users/uzarb/AppData/Roaming/TinyTeX/texmf-dist/tex/generic/gettitlestring/gettitlestring.sty
Package: gettitlestring 2019/12/15 v1.6 Cleanup title references (HO)
(c:/Users/uzarb/AppData/Roaming/TinyTeX/texmf-dist/tex/latex/kvoptions/kvoptions.sty
Package: kvoptions 2022-06-15 v3.15 Key value format for package options (HO)
))
\c@section@level=\count321
) (c:/Users/uzarb/AppData/Roaming/TinyTeX/texmf-dist/tex/generic/stringenc/stringenc.sty
Package: stringenc 2019/11/29 v1.12 Convert strings between diff. encodings (HO)
)
\@linkdim=\dimen276
\Hy@linkcounter=\count322
\Hy@pagecounter=\count323
(c:/Users/uzarb/AppData/Roaming/TinyTeX/texmf-dist/tex/latex/hyperref/pd1enc.def
File: pd1enc.def 2026-06-17 v7.01r Hyperref: PDFDocEncoding definition (HO)
) (c:/Users/uzarb/AppData/Roaming/TinyTeX/texmf-dist/tex/generic/intcalc/intcalc.sty
Package: intcalc 2019/12/15 v1.3 Expandable calculations with integers (HO)
)
\Hy@SavedSpaceFactor=\count324
(c:/Users/uzarb/AppData/Roaming/TinyTeX/texmf-dist/tex/latex/hyperref/puenc.def
File: puenc.def 2026-06-17 v7.01r Hyperref: PDF Unicode definition (HO)
)
Package hyperref Info: Option `unicode' set `true' on input line 4070.
Package hyperref Info: Option `unicode' set `true' on input line 4070.
Package hyperref Info: Option `bookmarks' set `true' on input line 4070.
Package hyperref Info: Option `bookmarksopen' set `true' on input line 4070.
Package hyperref Info: Option `implicit' set `false' on input line 4070.
Package hyperref Info: Hyper figures OFF on input line 4199.
Package hyperref Info: Link nesting OFF on input line 4204.
Package hyperref Info: Hyper index ON on input line 4207.
Package hyperref Info: Plain pages OFF on input line 4214.
Package hyperref Info: Backreferencing OFF on input line 4219.
Package hyperref Info: Implicit mode OFF; no redefinition of LaTeX internals.
Package hyperref Info: Bookmarks ON on input line 4466.
\c@Hy@tempcnt=\count325
(c:/Users/uzarb/AppData/Roaming/TinyTeX/texmf-dist/tex/latex/url/url.sty
\Urlmuskip=\muskip17
Package: url 2013/09/16  ver 3.4  Verb mode for urls, etc.
)
LaTeX Info: Redefining \url on input line 4805.
\XeTeXLinkMargin=\dimen277
(c:/Users/uzarb/AppData/Roaming/TinyTeX/texmf-dist/tex/generic/bitset/bitset.sty
Package: bitset 2019/12/09 v1.3 Handle bit-vector datatype (HO)
(c:/Users/uzarb/AppData/Roaming/TinyTeX/texmf-dist/tex/generic/bigintcalc/bigintcalc.sty
Package: bigintcalc 2019/12/15 v1.5 Expandable calculations on big integers (HO)
))
\Fld@menulength=\count326
\Field@Width=\dimen278
\Fld@charsize=\dimen279
Package hyperref Info: Hyper figures OFF on input line 6091.
Package hyperref Info: Link nesting OFF on input line 6096.
Package hyperref Info: Hyper index ON on input line 6099.
Package hyperref Info: backreferencing OFF on input line 6106.
Package hyperref Info: Link coloring OFF on input line 6111.
Package hyperref Info: Link coloring with OCG OFF on input line 6116.
Package hyperref Info: PDF/A mode OFF on input line 6121.
\Hy@abspage=\count327

Package hyperref Message: Stopped early.

)
Package hyperref Info: Driver (autodetected): hluatex.
(c:/Users/uzarb/AppData/Roaming/TinyTeX/texmf-dist/tex/latex/hyperref/hluatex.def
File: hluatex.def 2026-06-17 v7.01r Hyperref driver for luaTeX
\Fld@listcount=\count328
\c@bookmark@seq@number=\count329
(c:/Users/uzarb/AppData/Roaming/TinyTeX/texmf-dist/tex/latex/rerunfilecheck/rerunfilecheck.sty
Package: rerunfilecheck 2025-06-21 v1.11 Rerun checks for auxiliary files (HO)
(c:/Users/uzarb/AppData/Roaming/TinyTeX/texmf-dist/tex/generic/uniquecounter/uniquecounter.sty
Package: uniquecounter 2019/12/15 v1.4 Provide unlimited unique counter (HO)
)
Package uniquecounter Info: New unique counter `rerunfilecheck' on input line 284.
)) (c:/Users/uzarb/AppData/Roaming/TinyTeX/texmf-dist/tex/latex/beamer/beamerbaserequires.sty (c:/Users/uzarb/AppData/Roaming/TinyTeX/texmf-dist/tex/latex/beamer/beamerbasecompatibility.sty) (c:/Users/uzarb/AppData/Roaming/TinyTeX/texmf-dist/tex/latex/beamer/beamerbasefont.sty (c:/Users/uzarb/AppData/Roaming/TinyTeX/texmf-dist/tex/latex/amsfonts/amssymb.sty
Package: amssymb 2013/01/14 v3.01 AMS font symbols
(c:/Users/uzarb/AppData/Roaming/TinyTeX/texmf-dist/tex/latex/amsfonts/amsfonts.sty
Package: amsfonts 2013/01/14 v3.01 Basic AMSFonts support
\@emptytoks=\toks30
\symAMSa=\mathgroup4
\symAMSb=\mathgroup5
LaTeX Font Info:    Redeclaring math symbol \hbar on input line 98.
LaTeX Font Info:    Overwriting math alphabet `\mathfrak' in version `bold'
(Font)                  U/euf/m/n --> U/euf/b/n on input line 106.
))) (c:/Users/uzarb/AppData/Roaming/TinyTeX/texmf-dist/tex/latex/beamer/beamerbasetranslator.sty (c:/Users/uzarb/AppData/Roaming/TinyTeX/texmf-dist/tex/latex/translator/translator.sty
Package: translator 2021-05-31 v1.12d Easy translation of strings in LaTeX
)) (c:/Users/uzarb/AppData/Roaming/TinyTeX/texmf-dist/tex/latex/beamer/beamerbasemisc.sty) (c:/Users/uzarb/AppData/Roaming/TinyTeX/texmf-dist/tex/latex/beamer/beamerbasetwoscreens.sty) (c:/Users/uzarb/AppData/Roaming/TinyTeX/texmf-dist/tex/latex/beamer/beamerbaseoverlay.sty
\beamer@argscount=\count330
\beamer@lastskipcover=\skip52
\beamer@trivlistdepth=\count331
) (c:/Users/uzarb/AppData/Roaming/TinyTeX/texmf-dist/tex/latex/beamer/beamerbasetitle.sty) (c:/Users/uzarb/AppData/Roaming/TinyTeX/texmf-dist/tex/latex/beamer/beamerbasesection.sty
\c@lecture=\count332
\c@part=\count333
\c@section=\count334
\c@subsection=\count335
\c@subsubsection=\count336
) (c:/Users/uzarb/AppData/Roaming/TinyTeX/texmf-dist/tex/latex/beamer/beamerbaseframe.sty
\beamer@framebox=\box68
\beamer@frametitlebox=\box69
\beamer@zoombox=\box70
\beamer@zoomcount=\count337
\beamer@zoomframecount=\count338
\beamer@frametextheight=\dimen280
\c@subsectionslide=\count339
\beamer@frametopskip=\skip53
\beamer@framebottomskip=\skip54
\beamer@frametopskipautobreak=\skip55
\beamer@framebottomskipautobreak=\skip56
\beamer@envbody=\toks31
\framewidth=\dimen281
\c@framenumber=\count340
) (c:/Users/uzarb/AppData/Roaming/TinyTeX/texmf-dist/tex/latex/beamer/beamerbaseverbatim.sty
\beamer@verbatimfileout=\write4
) (c:/Users/uzarb/AppData/Roaming/TinyTeX/texmf-dist/tex/latex/beamer/beamerbaseframesize.sty
\beamer@splitbox=\box71
\beamer@autobreakcount=\count341
\beamer@autobreaklastheight=\dimen282
\beamer@frametitletoks=\toks32
\beamer@framesubtitletoks=\toks33
) (c:/Users/uzarb/AppData/Roaming/TinyTeX/texmf-dist/tex/latex/beamer/beamerbaseframecomponents.sty
\beamer@colheight=\skip57
\beamer@footins=\box72
) (c:/Users/uzarb/AppData/Roaming/TinyTeX/texmf-dist/tex/latex/beamer/beamerbasecolor.sty) (c:/Users/uzarb/AppData/Roaming/TinyTeX/texmf-dist/tex/latex/beamer/beamerbasenotes.sty
\beamer@frameboxcopy=\box73
) (c:/Users/uzarb/AppData/Roaming/TinyTeX/texmf-dist/tex/latex/beamer/beamerbasetoc.sty) (c:/Users/uzarb/AppData/Roaming/TinyTeX/texmf-dist/tex/latex/beamer/beamerbasetemplates.sty
\beamer@sbttoks=\toks34
(c:/Users/uzarb/AppData/Roaming/TinyTeX/texmf-dist/tex/latex/beamer/beamerbaseauxtemplates.sty (c:/Users/uzarb/AppData/Roaming/TinyTeX/texmf-dist/tex/latex/beamer/beamerbaseboxes.sty
\bmb@box=\box74
\bmb@colorbox=\box75
\bmb@boxwidth=\dimen283
\bmb@boxheight=\dimen284
\bmb@prevheight=\dimen285
\bmb@temp=\dimen286
\bmb@dima=\dimen287
\bmb@dimb=\dimen288
\bmb@prevheight=\dimen289
)
\beamer@blockheadheight=\dimen290
)) (c:/Users/uzarb/AppData/Roaming/TinyTeX/texmf-dist/tex/latex/beamer/beamerbaselocalstructure.sty (c:/Users/uzarb/AppData/Roaming/TinyTeX/texmf-dist/tex/latex/tools/enumerate.sty
Package: enumerate 2023/07/04 v3.00 enumerate extensions (DPC)
\@enLab=\toks35
)
\beamer@bibiconwidth=\skip58
\c@figure=\count342
\c@table=\count343
\abovecaptionskip=\skip59
\belowcaptionskip=\skip60
) (c:/Users/uzarb/AppData/Roaming/TinyTeX/texmf-dist/tex/latex/beamer/beamerbasenavigation.sty (c:/Users/uzarb/AppData/Roaming/TinyTeX/texmf-dist/tex/latex/beamer/beamerbasenavigationsymbols.tex)
\beamer@section@min@dim=\dimen291
) (c:/Users/uzarb/AppData/Roaming/TinyTeX/texmf-dist/tex/latex/beamer/beamerbasetheorems.sty (c:/Users/uzarb/AppData/Roaming/TinyTeX/texmf-dist/tex/latex/amsmath/amsmath.sty
Package: amsmath 2026/05/19 v2.18d AMS math features
\@mathmargin=\skip61
For additional information on amsmath, use the `?' option.
(c:/Users/uzarb/AppData/Roaming/TinyTeX/texmf-dist/tex/latex/amsmath/amstext.sty
Package: amstext 2024/11/17 v2.01 AMS text
(c:/Users/uzarb/AppData/Roaming/TinyTeX/texmf-dist/tex/latex/amsmath/amsgen.sty
File: amsgen.sty 1999/11/30 v2.0 generic functions
\@emptytoks=\toks36
\ex@=\dimen292
)) (c:/Users/uzarb/AppData/Roaming/TinyTeX/texmf-dist/tex/latex/amsmath/amsbsy.sty
Package: amsbsy 1999/11/29 v1.2d Bold Symbols
\pmbraise@=\dimen293
) (c:/Users/uzarb/AppData/Roaming/TinyTeX/texmf-dist/tex/latex/amsmath/amsopn.sty
Package: amsopn 2022/04/08 v2.04 operator names
)
\inf@bad=\count344
LaTeX Info: Redefining \frac on input line 235.
\uproot@=\count345
\leftroot@=\count346
LaTeX Info: Redefining \overline on input line 398.
LaTeX Info: Redefining \colon on input line 409.
\classnum@=\count347
\DOTSCASE@=\count348
LaTeX Info: Redefining \ldots on input line 495.
LaTeX Info: Redefining \dots on input line 498.
LaTeX Info: Redefining \cdots on input line 619.
\Mathstrutbox@=\box76
\strutbox@=\box77
LaTeX Info: Redefining \big on input line 721.
LaTeX Info: Redefining \Big on input line 722.
LaTeX Info: Redefining \bigg on input line 723.
LaTeX Info: Redefining \Bigg on input line 724.
\big@size=\dimen294
LaTeX Font Info:    Redeclaring font encoding OML on input line 742.
LaTeX Font Info:    Redeclaring font encoding OMS on input line 743.
\macc@depth=\count349
LaTeX Info: Redefining \bmod on input line 904.
LaTeX Info: Redefining \pmod on input line 909.
LaTeX Info: Redefining \smash on input line 939.
LaTeX Info: Redefining \relbar on input line 969.
LaTeX Info: Redefining \Relbar on input line 970.
\c@MaxMatrixCols=\count350
\dotsspace@=\muskip18
\c@parentequation=\count351
\dspbrk@lvl=\count352
\tag@help=\toks37
\row@=\count353
\column@=\count354
\maxfields@=\count355
\andhelp@=\toks38
\eqnshift@=\dimen295
\alignsep@=\dimen296
\tagshift@=\dimen297
\tagwidth@=\dimen298
\totwidth@=\dimen299
\lineht@=\dimen300
\@envbody=\toks39
\multlinegap=\skip62
\multlinetaggap=\skip63
\mathdisplay@stack=\toks40
LaTeX Info: Redefining \[ on input line 2965.
LaTeX Info: Redefining \] on input line 2966.
) (c:/Users/uzarb/AppData/Roaming/TinyTeX/texmf-dist/tex/latex/amscls/amsthm.sty
Package: amsthm 2020/05/29 v2.20.6
\thm@style=\toks41
\thm@bodyfont=\toks42
\thm@headfont=\toks43
\thm@notefont=\toks44
\thm@headpunct=\toks45
\thm@preskip=\skip64
\thm@postskip=\skip65
\thm@headsep=\skip66
\dth@everypar=\toks46
)
\c@theorem=\count356
) (c:/Users/uzarb/AppData/Roaming/TinyTeX/texmf-dist/tex/latex/beamer/beamerbasethemes.sty)) (c:/Users/uzarb/AppData/Roaming/TinyTeX/texmf-dist/tex/latex/beamer/beamerthemedefault.sty (c:/Users/uzarb/AppData/Roaming/TinyTeX/texmf-dist/tex/latex/beamer/beamerfontthemedefault.sty) (c:/Users/uzarb/AppData/Roaming/TinyTeX/texmf-dist/tex/latex/beamer/beamercolorthemedefault.sty) (c:/Users/uzarb/AppData/Roaming/TinyTeX/texmf-dist/tex/latex/beamer/beamerinnerthemedefault.sty
\beamer@dima=\dimen301
\beamer@dimb=\dimen302
) (c:/Users/uzarb/AppData/Roaming/TinyTeX/texmf-dist/tex/latex/beamer/beamerouterthemedefault.sty))) (c:/Users/uzarb/AppData/Roaming/TinyTeX/texmf-dist/tex/latex/pgf/utilities/pgfpages.sty
Package: pgfpages 2011/01/05 ver 0.02
(c:/Users/uzarb/AppData/Roaming/TinyTeX/texmf-dist/tex/latex/tools/calc.sty
Package: calc 2025/03/01 v4.3b Infix arithmetic (KKT,FJ)
\calc@Acount=\count357
\calc@Bcount=\count358
\calc@Adimen=\dimen303
\calc@Bdimen=\dimen304
\calc@Askip=\skip67
\calc@Bskip=\skip68
LaTeX Info: Redefining \setlength on input line 86.
LaTeX Info: Redefining \addtolength on input line 87.
\calc@Ccount=\count359
\calc@Cskip=\skip69
)
\pgf@logicalpages=\count360
\pgf@firstshipout=\count361
\pgf@lastshipout=\count362
\pgf@currentshipout=\count363
\pgf@cpn=\count364
\pgf@shipoutnextto=\count365
\pgfphysicalheight=\dimen305
\pgfphysicalwidth=\dimen306
\pgfpages@shipoutbox=\box78
) (c:/Users/uzarb/AppData/Roaming/TinyTeX/texmf-dist/tex/latex/unicode-math/unicode-math.sty (c:/Users/uzarb/AppData/Roaming/TinyTeX/texmf-dist/tex/latex/l3kernel/expl3.sty
Package: expl3 2026-08-10 L3 programming layer (loader) 
(c:/Users/uzarb/AppData/Roaming/TinyTeX/texmf-dist/tex/latex/l3backend/l3backend-luatex.def
File: l3backend-luatex.def 2026-02-18 L3 backend support: PDF output (LuaTeX)
\l__color_backend_stack_int=\count366
Inserting `l3color' in `luaotfload.parse_color'.))
Package: unicode-math 2023/08/13 v0.8r Unicode maths in XeLaTeX and LuaLaTeX
(c:/Users/uzarb/AppData/Roaming/TinyTeX/texmf-dist/tex/latex/unicode-math/unicode-math-luatex.sty
Package: unicode-math-luatex 2023/08/13 v0.8r Unicode maths in XeLaTeX and LuaLaTeX
(c:/Users/uzarb/AppData/Roaming/TinyTeX/texmf-dist/tex/latex/l3packages/xparse/xparse.sty
Package: xparse 2025-10-09 L3 Experimental document command parser
) (c:/Users/uzarb/AppData/Roaming/TinyTeX/texmf-dist/tex/latex/l3packages/l3keys2e/l3keys2e.sty
Package: l3keys2e 2025-10-09 LaTeX2e option processing using LaTeX3 keys
) (c:/Users/uzarb/AppData/Roaming/TinyTeX/texmf-dist/tex/latex/fontspec/fontspec.sty
Package: fontspec 2026/08/11 v2.9h Font selection for XeLaTeX and LuaLaTeX
Lua module: fontspec 2026/08/11 v2.9h Font selection for XeLaTeX and LuaLaTeX (c:/Users/uzarb/AppData/Roaming/TinyTeX/texmf-dist/tex/latex/fontspec/fontspec-luatex.sty
Package: fontspec-luatex 2026/08/11 v2.9h Font selection for XeLaTeX and LuaLaTeX
\l__fontspec_script_int=\count367
\l__fontspec_language_int=\count368
\l__fontspec_strnum_int=\count369
\l__fontspec_tmp_int=\count370
\l__fontspec_tmpa_int=\count371
\l__fontspec_tmpb_int=\count372
\l__fontspec_tmpc_int=\count373
\l__fontspec_em_int=\count374
\l__fontspec_emdef_int=\count375
\l__fontspec_strong_int=\count376
\l__fontspec_strongdef_int=\count377
\l__fontspec_tmpa_dim=\dimen307
\l__fontspec_tmpb_dim=\dimen308
\l__fontspec_tmpc_dim=\dimen309
(c:/Users/uzarb/AppData/Roaming/TinyTeX/texmf-dist/tex/latex/base/fontenc.sty
Package: fontenc 2025/07/18 v2.1d Standard LaTeX package
) (c:/Users/uzarb/AppData/Roaming/TinyTeX/texmf-dist/tex/latex/fontspec/fontspec.cfg))) (c:/Users/uzarb/AppData/Roaming/TinyTeX/texmf-dist/tex/latex/base/fix-cm.sty
Package: fix-cm 2020/11/24 v1.1t fixes to LaTeX
(c:/Users/uzarb/AppData/Roaming/TinyTeX/texmf-dist/tex/latex/base/ts1enc.def
File: ts1enc.def 2001/06/05 v3.0e (jk/car/fm) Standard LaTeX file
LaTeX Font Info:    Redeclaring font encoding TS1 on input line 47.
LaTeX Encoding Info:    Redeclaring text command \capitalcedilla (encoding TS1) on input line 49.
LaTeX Encoding Info:    Redeclaring text command \capitalogonek (encoding TS1) on input line 52.
LaTeX Encoding Info:    Redeclaring text command \capitalgrave (encoding TS1) on input line 55.
LaTeX Encoding Info:    Redeclaring text command \capitalacute (encoding TS1) on input line 56.
LaTeX Encoding Info:    Redeclaring text command \capitalcircumflex (encoding TS1) on input line 57.
LaTeX Encoding Info:    Redeclaring text command \capitaltilde (encoding TS1) on input line 58.
LaTeX Encoding Info:    Redeclaring text command \capitaldieresis (encoding TS1) on input line 59.
LaTeX Encoding Info:    Redeclaring text command \capitalhungarumlaut (encoding TS1) on input line 60.
LaTeX Encoding Info:    Redeclaring text command \capitalring (encoding TS1) on input line 61.
LaTeX Encoding Info:    Redeclaring text command \capitalcaron (encoding TS1) on input line 62.
LaTeX Encoding Info:    Redeclaring text command \capitalbreve (encoding TS1) on input line 63.
LaTeX Encoding Info:    Redeclaring text command \capitalmacron (encoding TS1) on input line 64.
LaTeX Encoding Info:    Redeclaring text command \capitaldotaccent (encoding TS1) on input line 65.
LaTeX Encoding Info:    Redeclaring text command \t (encoding TS1) on input line 66.
LaTeX Encoding Info:    Redeclaring text command \capitaltie (encoding TS1) on input line 67.
LaTeX Encoding Info:    Redeclaring text command \newtie (encoding TS1) on input line 68.
LaTeX Encoding Info:    Redeclaring text command \capitalnewtie (encoding TS1) on input line 69.
LaTeX Encoding Info:    Redeclaring text symbol \textcapitalcompwordmark (encoding TS1) on input line 70.
LaTeX Encoding Info:    Redeclaring text symbol \textascendercompwordmark (encoding TS1) on input line 71.
LaTeX Encoding Info:    Redeclaring text symbol \textquotestraightbase (encoding TS1) on input line 72.
LaTeX Encoding Info:    Redeclaring text symbol \textquotestraightdblbase (encoding TS1) on input line 73.
LaTeX Encoding Info:    Redeclaring text symbol \texttwelveudash (encoding TS1) on input line 74.
LaTeX Encoding Info:    Redeclaring text symbol \textthreequartersemdash (encoding TS1) on input line 75.
LaTeX Encoding Info:    Redeclaring text symbol \textleftarrow (encoding TS1) on input line 76.
LaTeX Encoding Info:    Redeclaring text symbol \textrightarrow (encoding TS1) on input line 77.
LaTeX Encoding Info:    Redeclaring text symbol \textblank (encoding TS1) on input line 78.
LaTeX Encoding Info:    Redeclaring text symbol \textdollar (encoding TS1) on input line 79.
LaTeX Encoding Info:    Redeclaring text symbol \textquotesingle (encoding TS1) on input line 80.
LaTeX Encoding Info:    Redeclaring text command \textasteriskcentered (encoding TS1) on input line 81.
LaTeX Encoding Info:    Redeclaring text symbol \textdblhyphen (encoding TS1) on input line 92.
LaTeX Encoding Info:    Redeclaring text symbol \textfractionsolidus (encoding TS1) on input line 93.
LaTeX Encoding Info:    Redeclaring text symbol \textzerooldstyle (encoding TS1) on input line 94.
LaTeX Encoding Info:    Redeclaring text symbol \textoneoldstyle (encoding TS1) on input line 95.
LaTeX Encoding Info:    Redeclaring text symbol \texttwooldstyle (encoding TS1) on input line 96.
LaTeX Encoding Info:    Redeclaring text symbol \textthreeoldstyle (encoding TS1) on input line 97.
LaTeX Encoding Info:    Redeclaring text symbol \textfouroldstyle (encoding TS1) on input line 98.
LaTeX Encoding Info:    Redeclaring text symbol \textfiveoldstyle (encoding TS1) on input line 99.
LaTeX Encoding Info:    Redeclaring text symbol \textsixoldstyle (encoding TS1) on input line 100.
LaTeX Encoding Info:    Redeclaring text symbol \textsevenoldstyle (encoding TS1) on input line 101.
LaTeX Encoding Info:    Redeclaring text symbol \texteightoldstyle (encoding TS1) on input line 102.
LaTeX Encoding Info:    Redeclaring text symbol \textnineoldstyle (encoding TS1) on input line 103.
LaTeX Encoding Info:    Redeclaring text symbol \textlangle (encoding TS1) on input line 104.
LaTeX Encoding Info:    Redeclaring text symbol \textminus (encoding TS1) on input line 105.
LaTeX Encoding Info:    Redeclaring text symbol \textrangle (encoding TS1) on input line 106.
LaTeX Encoding Info:    Redeclaring text symbol \textmho (encoding TS1) on input line 107.
LaTeX Encoding Info:    Redeclaring text symbol \textbigcircle (encoding TS1) on input line 108.
LaTeX Encoding Info:    Redeclaring text command \textcircled (encoding TS1) on input line 109.
LaTeX Encoding Info:    Redeclaring text symbol \textohm (encoding TS1) on input line 115.
LaTeX Encoding Info:    Redeclaring text symbol \textlbrackdbl (encoding TS1) on input line 116.
LaTeX Encoding Info:    Redeclaring text symbol \textrbrackdbl (encoding TS1) on input line 117.
LaTeX Encoding Info:    Redeclaring text symbol \textuparrow (encoding TS1) on input line 118.
LaTeX Encoding Info:    Redeclaring text symbol \textdownarrow (encoding TS1) on input line 119.
LaTeX Encoding Info:    Redeclaring text symbol \textasciigrave (encoding TS1) on input line 120.
LaTeX Encoding Info:    Redeclaring text symbol \textborn (encoding TS1) on input line 121.
LaTeX Encoding Info:    Redeclaring text symbol \textdivorced (encoding TS1) on input line 122.
LaTeX Encoding Info:    Redeclaring text symbol \textdied (encoding TS1) on input line 123.
LaTeX Encoding Info:    Redeclaring text symbol \textleaf (encoding TS1) on input line 124.
LaTeX Encoding Info:    Redeclaring text symbol \textmarried (encoding TS1) on input line 125.
LaTeX Encoding Info:    Redeclaring text symbol \textmusicalnote (encoding TS1) on input line 126.
LaTeX Encoding Info:    Redeclaring text symbol \texttildelow (encoding TS1) on input line 127.
LaTeX Encoding Info:    Redeclaring text symbol \textdblhyphenchar (encoding TS1) on input line 128.
LaTeX Encoding Info:    Redeclaring text symbol \textasciibreve (encoding TS1) on input line 129.
LaTeX Encoding Info:    Redeclaring text symbol \textasciicaron (encoding TS1) on input line 130.
LaTeX Encoding Info:    Redeclaring text symbol \textacutedbl (encoding TS1) on input line 131.
LaTeX Encoding Info:    Redeclaring text symbol \textgravedbl (encoding TS1) on input line 132.
LaTeX Encoding Info:    Redeclaring text symbol \textdagger (encoding TS1) on input line 133.
LaTeX Encoding Info:    Redeclaring text symbol \textdaggerdbl (encoding TS1) on input line 134.
LaTeX Encoding Info:    Redeclaring text symbol \textbardbl (encoding TS1) on input line 135.
LaTeX Encoding Info:    Redeclaring text symbol \textperthousand (encoding TS1) on input line 136.
LaTeX Encoding Info:    Redeclaring text symbol \textbullet (encoding TS1) on input line 137.
LaTeX Encoding Info:    Redeclaring text symbol \textcelsius (encoding TS1) on input line 138.
LaTeX Encoding Info:    Redeclaring text symbol \textdollaroldstyle (encoding TS1) on input line 139.
LaTeX Encoding Info:    Redeclaring text symbol \textcentoldstyle (encoding TS1) on input line 140.
LaTeX Encoding Info:    Redeclaring text symbol \textflorin (encoding TS1) on input line 141.
LaTeX Encoding Info:    Redeclaring text symbol \textcolonmonetary (encoding TS1) on input line 142.
LaTeX Encoding Info:    Redeclaring text symbol \textwon (encoding TS1) on input line 143.
LaTeX Encoding Info:    Redeclaring text symbol \textnaira (encoding TS1) on input line 144.
LaTeX Encoding Info:    Redeclaring text symbol \textguarani (encoding TS1) on input line 145.
LaTeX Encoding Info:    Redeclaring text symbol \textpeso (encoding TS1) on input line 146.
LaTeX Encoding Info:    Redeclaring text symbol \textlira (encoding TS1) on input line 147.
LaTeX Encoding Info:    Redeclaring text symbol \textrecipe (encoding TS1) on input line 148.
LaTeX Encoding Info:    Redeclaring text symbol \textinterrobang (encoding TS1) on input line 149.
LaTeX Encoding Info:    Redeclaring text symbol \textinterrobangdown (encoding TS1) on input line 150.
LaTeX Encoding Info:    Redeclaring text symbol \textdong (encoding TS1) on input line 151.
LaTeX Encoding Info:    Redeclaring text symbol \texttrademark (encoding TS1) on input line 152.
LaTeX Encoding Info:    Redeclaring text symbol \textpertenthousand (encoding TS1) on input line 153.
LaTeX Encoding Info:    Redeclaring text symbol \textpilcrow (encoding TS1) on input line 154.
LaTeX Encoding Info:    Redeclaring text symbol \textbaht (encoding TS1) on input line 155.
LaTeX Encoding Info:    Redeclaring text symbol \textnumero (encoding TS1) on input line 156.
LaTeX Encoding Info:    Redeclaring text symbol \textdiscount (encoding TS1) on input line 157.
LaTeX Encoding Info:    Redeclaring text symbol \textestimated (encoding TS1) on input line 158.
LaTeX Encoding Info:    Redeclaring text symbol \textopenbullet (encoding TS1) on input line 159.
LaTeX Encoding Info:    Redeclaring text symbol \textservicemark (encoding TS1) on input line 160.
LaTeX Encoding Info:    Redeclaring text symbol \textlquill (encoding TS1) on input line 161.
LaTeX Encoding Info:    Redeclaring text symbol \textrquill (encoding TS1) on input line 162.
LaTeX Encoding Info:    Redeclaring text symbol \textcent (encoding TS1) on input line 163.
LaTeX Encoding Info:    Redeclaring text symbol \textsterling (encoding TS1) on input line 164.
LaTeX Encoding Info:    Redeclaring text symbol \textcurrency (encoding TS1) on input line 165.
LaTeX Encoding Info:    Redeclaring text symbol \textyen (encoding TS1) on input line 166.
LaTeX Encoding Info:    Redeclaring text symbol \textbrokenbar (encoding TS1) on input line 167.
LaTeX Encoding Info:    Redeclaring text symbol \textsection (encoding TS1) on input line 168.
LaTeX Encoding Info:    Redeclaring text symbol \textasciidieresis (encoding TS1) on input line 169.
LaTeX Encoding Info:    Redeclaring text symbol \textcopyright (encoding TS1) on input line 170.
LaTeX Encoding Info:    Redeclaring text symbol \textordfeminine (encoding TS1) on input line 171.
LaTeX Encoding Info:    Redeclaring text symbol \textcopyleft (encoding TS1) on input line 172.
LaTeX Encoding Info:    Redeclaring text symbol \textlnot (encoding TS1) on input line 173.
LaTeX Encoding Info:    Redeclaring text symbol \textcircledP (encoding TS1) on input line 174.
LaTeX Encoding Info:    Redeclaring text symbol \textregistered (encoding TS1) on input line 175.
LaTeX Encoding Info:    Redeclaring text symbol \textasciimacron (encoding TS1) on input line 176.
LaTeX Encoding Info:    Redeclaring text symbol \textdegree (encoding TS1) on input line 177.
LaTeX Encoding Info:    Redeclaring text symbol \textpm (encoding TS1) on input line 178.
LaTeX Encoding Info:    Redeclaring text symbol \texttwosuperior (encoding TS1) on input line 179.
LaTeX Encoding Info:    Redeclaring text symbol \textthreesuperior (encoding TS1) on input line 180.
LaTeX Encoding Info:    Redeclaring text symbol \textasciiacute (encoding TS1) on input line 181.
LaTeX Encoding Info:    Redeclaring text symbol \textmu (encoding TS1) on input line 182.
LaTeX Encoding Info:    Redeclaring text symbol \textparagraph (encoding TS1) on input line 183.
LaTeX Encoding Info:    Redeclaring text symbol \textperiodcentered (encoding TS1) on input line 184.
LaTeX Encoding Info:    Redeclaring text symbol \textreferencemark (encoding TS1) on input line 185.
LaTeX Encoding Info:    Redeclaring text symbol \textonesuperior (encoding TS1) on input line 186.
LaTeX Encoding Info:    Redeclaring text symbol \textordmasculine (encoding TS1) on input line 187.
LaTeX Encoding Info:    Redeclaring text symbol \textsurd (encoding TS1) on input line 188.
LaTeX Encoding Info:    Redeclaring text symbol \textonequarter (encoding TS1) on input line 189.
LaTeX Encoding Info:    Redeclaring text symbol \textonehalf (encoding TS1) on input line 190.
LaTeX Encoding Info:    Redeclaring text symbol \textthreequarters (encoding TS1) on input line 191.
LaTeX Encoding Info:    Redeclaring text symbol \texteuro (encoding TS1) on input line 192.
LaTeX Encoding Info:    Redeclaring text symbol \texttimes (encoding TS1) on input line 193.
LaTeX Encoding Info:    Redeclaring text symbol \textdiv (encoding TS1) on input line 194.
)) (c:/Users/uzarb/AppData/Roaming/TinyTeX/texmf-dist/tex/lualatex/lualatex-math/lualatex-math.sty
Package: lualatex-math 2022/01/01 v1.12 Patches for mathematics typesetting with LuaLaTeX
Lua module: lualatex-math 2013/08/03 v1.3 Patches for mathematics typesetting with LuaLaTeX)
\g__um_fam_int=\count378
\g__um_fonts_used_int=\count379
\l__um_primecount_int=\count380
\g__um_primekern_muskip=\muskip19
(c:/Users/uzarb/AppData/Roaming/TinyTeX/texmf-dist/tex/latex/unicode-math/unicode-math-table.tex))) (c:/Users/uzarb/AppData/Roaming/TinyTeX/texmf-dist/tex/latex/lm/lmodern.sty
Package: lmodern 2015/05/01 v1.6.1 Latin Modern Fonts
LaTeX Font Info:    Overwriting symbol font `operators' in version `normal'
(Font)                  OT1/cmr/m/n --> OT1/lmr/m/n on input line 22.
LaTeX Font Info:    Overwriting symbol font `letters' in version `normal'
(Font)                  OML/cmm/m/it --> OML/lmm/m/it on input line 23.
LaTeX Font Info:    Overwriting symbol font `symbols' in version `normal'
(Font)                  OMS/cmsy/m/n --> OMS/lmsy/m/n on input line 24.
LaTeX Font Info:    Overwriting symbol font `largesymbols' in version `normal'
(Font)                  OMX/cmex/m/n --> OMX/lmex/m/n on input line 25.
LaTeX Font Info:    Overwriting symbol font `operators' in version `bold'
(Font)                  OT1/cmr/bx/n --> OT1/lmr/bx/n on input line 26.
LaTeX Font Info:    Overwriting symbol font `letters' in version `bold'
(Font)                  OML/cmm/b/it --> OML/lmm/b/it on input line 27.
LaTeX Font Info:    Overwriting symbol font `symbols' in version `bold'
(Font)                  OMS/cmsy/b/n --> OMS/lmsy/b/n on input line 28.
LaTeX Font Info:    Overwriting symbol font `largesymbols' in version `bold'
(Font)                  OMX/cmex/m/n --> OMX/lmex/m/n on input line 29.
LaTeX Font Info:    Overwriting math alphabet `\mathbf' in version `normal'
(Font)                  OT1/cmr/bx/n --> OT1/lmr/bx/n on input line 31.
LaTeX Font Info:    Overwriting math alphabet `\mathsf' in version `normal'
(Font)                  OT1/cmss/m/n --> OT1/lmss/m/n on input line 32.
LaTeX Font Info:    Overwriting math alphabet `\mathit' in version `normal'
(Font)                  OT1/cmr/m/it --> OT1/lmr/m/it on input line 33.
LaTeX Font Info:    Overwriting math alphabet `\mathtt' in version `normal'
(Font)                  OT1/cmtt/m/n --> OT1/lmtt/m/n on input line 34.
LaTeX Font Info:    Overwriting math alphabet `\mathbf' in version `bold'
(Font)                  OT1/cmr/bx/n --> OT1/lmr/bx/n on input line 35.
LaTeX Font Info:    Overwriting math alphabet `\mathsf' in version `bold'
(Font)                  OT1/cmss/bx/n --> OT1/lmss/bx/n on input line 36.
LaTeX Font Info:    Overwriting math alphabet `\mathit' in version `bold'
(Font)                  OT1/cmr/bx/it --> OT1/lmr/bx/it on input line 37.
LaTeX Font Info:    Overwriting math alphabet `\mathtt' in version `bold'
(Font)                  OT1/cmtt/m/n --> OT1/lmtt/m/n on input line 38.
) (c:/Users/uzarb/AppData/Roaming/TinyTeX/texmf-dist/tex/latex/upquote/upquote.sty
Package: upquote 2012/04/19 v1.3 upright-quote and grave-accent glyphs in verbatim
(c:/Users/uzarb/AppData/Roaming/TinyTeX/texmf-dist/tex/latex/base/textcomp.sty
Package: textcomp 2024/04/24 v2.1b Standard LaTeX package
)) (c:/Users/uzarb/AppData/Roaming/TinyTeX/texmf-dist/tex/latex/microtype/microtype.sty
Package: microtype 2026/03/01 v3.2d Micro-typographical refinements (RS)
\MT@toks=\toks47
\MT@tempbox=\box79
\MT@count=\count381
LaTeX Info: Redefining \noprotrusionifhmode on input line 1084.
LaTeX Info: Redefining \leftprotrusion on input line 1085.
\MT@prot@toks=\toks48
LaTeX Info: Redefining \rightprotrusion on input line 1104.
LaTeX Info: Redefining \textls on input line 1449.
\MT@outer@kern=\dimen310
LaTeX Info: Redefining \microtypecontext on input line 2053.
LaTeX Info: Redefining \textmicrotypecontext on input line 2070.
\MT@listname@count=\count382
(c:/Users/uzarb/AppData/Roaming/TinyTeX/texmf-dist/tex/latex/microtype/microtype-luatex.def
File: microtype-luatex.def 2026/03/01 v3.2d Definitions specific to luatex (RS)
Lua module: microtype 2026/03/01 v3.2d microtype module.
Module microtype Info: overwriting function `keepligature' on input line 63
LaTeX Info: Redefining \lsstyle on input line 779.
LaTeX Info: Redefining \lslig on input line 779.
\MT@outer@space=\skip70
)
Package microtype Info: Loading configuration file microtype.cfg.
(c:/Users/uzarb/AppData/Roaming/TinyTeX/texmf-dist/tex/latex/microtype/microtype.cfg
File: microtype.cfg 2026/03/01 v3.2d microtype main configuration file (RS)
)
LaTeX Info: Redefining \microtypesetup on input line 3065.
) (c:/Users/uzarb/AppData/Roaming/TinyTeX/texmf-dist/tex/latex/tools/longtable.sty
Package: longtable 2026-01-28 v4.27 Multi-page Table package (DPC)
\LTleft=\skip71
\LTright=\skip72
\LTpre=\skip73
\LTpost=\skip74
\LTchunksize=\count383
\LTcapwidth=\dimen311
\LT@head=\box80
\LT@firsthead=\box81
\LT@foot=\box82
\LT@lastfoot=\box83
\LT@gbox=\box84
\LT@cols=\count384
\LT@rows=\count385
\c@LT@tables=\count386
\c@LT@chunks=\count387
\LT@p@ftn=\toks49
) (c:/Users/uzarb/AppData/Roaming/TinyTeX/texmf-dist/tex/latex/booktabs/booktabs.sty
Package: booktabs 2020/01/12 v1.61803398 Publication quality tables
\heavyrulewidth=\dimen312
\lightrulewidth=\dimen313
\cmidrulewidth=\dimen314
\belowrulesep=\dimen315
\belowbottomsep=\dimen316
\aboverulesep=\dimen317
\abovetopsep=\dimen318
\cmidrulesep=\dimen319
\cmidrulekern=\dimen320
\defaultaddspace=\dimen321
\@cmidla=\count388
\@cmidlb=\count389
\@aboverulesep=\dimen322
\@belowrulesep=\dimen323
\@thisruleclass=\count390
\@lastruleclass=\count391
\@thisrulewidth=\dimen324
) (c:/Users/uzarb/AppData/Roaming/TinyTeX/texmf-dist/tex/latex/tools/array.sty
Package: array 2026/02/24 v2.7b Tabular extension package (FMi)
\col@sep=\dimen325
\ar@mcellbox=\box85
\extrarowheight=\dimen326
\NC@list=\toks50
\extratabsurround=\skip75
\backup@length=\skip76
\ar@cellbox=\box86
)
\c@none=\count392
(c:/Users/uzarb/AppData/Roaming/TinyTeX/texmf-dist/tex/latex/caption/caption.sty
Package: caption 2023/08/05 v3.6o Customizing captions (AR)
(c:/Users/uzarb/AppData/Roaming/TinyTeX/texmf-dist/tex/latex/caption/caption3.sty
Package: caption3 2023/07/31 v2.4d caption3 kernel (AR)
\caption@tempdima=\dimen327
\captionmargin=\dimen328
\caption@leftmargin=\dimen329
\caption@rightmargin=\dimen330
\caption@width=\dimen331
\caption@indent=\dimen332
\caption@parindent=\dimen333
\caption@hangindent=\dimen334
Package caption Info: beamer document class detected.
(c:/Users/uzarb/AppData/Roaming/TinyTeX/texmf-dist/tex/latex/caption/caption-beamer.sto
File: caption-beamer.sto 2022/01/06 v2.0c Adaption of the caption package to the beamer document classes (AR)
))
\c@caption@flags=\count393
\c@continuedfloat=\count394
Package caption Info: hyperref package is loaded.
Package caption Info: Hyperref support is turned off
(caption)             because hyperref has stopped early.
Package caption Info: longtable package is loaded.
(c:/Users/uzarb/AppData/Roaming/TinyTeX/texmf-dist/tex/latex/caption/ltcaption.sty
Package: ltcaption 2021/01/08 v1.4c longtable captions (AR)
))
\pandoc@box=\box87
(c:/Users/uzarb/AppData/Roaming/TinyTeX/texmf-dist/tex/generic/babel/babel.sty
Package: babel 2026/08/21 v26.11 The multilingual framework for LuaLaTeX, pdfLaTeX and XeLaTeX
(c:/Users/uzarb/AppData/Roaming/TinyTeX/texmf-dist/tex/generic/babel/luababel.def
\bbl@readstream=\read3
\l@dumylang=\language2
Package babel Info: Non-standard hyphenation setup on input line 118.
\l@nohyphenation=\language3
\l@ukenglish=\language4
\l@usenglishmax=\language5
\l@french=\language6
\babelcatcodetablenum=\catcodetable14
\bbl@pattcodes=\catcodetable15
)
\babel@savecnt=\count395
LaTeX Encoding Info:    Redeclaring text command \ij (encoding OT1) on input line 2105.
LaTeX Encoding Info:    Redeclaring text command \IJ (encoding OT1) on input line 2107.
LaTeX Encoding Info:    Redeclaring text command \ij (encoding T1) on input line 2109.
LaTeX Encoding Info:    Redeclaring text command \IJ (encoding T1) on input line 2110.
LaTeX Encoding Info:    Ignoring declaration for text command \ij (encoding ?) on input line 2111.
LaTeX Encoding Info:    Ignoring declaration for text command \IJ (encoding ?) on input line 2113.
LaTeX Encoding Info:    Ignoring declaration for text command \SS (encoding ?) on input line 2138.
\U@D=\dimen335
\l@unhyphenated=\language7
(c:/Users/uzarb/AppData/Roaming/TinyTeX/texmf-dist/tex/generic/babel/luababel.def
\bbl@attr@locale=\attribute4
(c:/Users/uzarb/AppData/Roaming/TinyTeX/texmf-dist/tex/luatex/luatexbase/luatexbase.sty
Package: luatexbase 2015/10/04 v1.3 luatexbase interface to LuaTeX 
(c:/Users/uzarb/AppData/Roaming/TinyTeX/texmf-dist/tex/luatex/ctablestack/ctablestack.sty
Package: ctablestack 2015/10/01 v1.0 Catcode table stable support
\@catcodetablestackcnt=\count396
)
\CatcodeTableOther=\catcodetable16
\CatcodeTableExpl=\catcodetable17
)
Removing  `luaotfload.node_processor' from `pre_linebreak_filter'.
Inserting `Babel.pre_otfload_v' in `pre_linebreak_filter'.
Inserting `luaotfload.node_processor' in `pre_linebreak_filter'.
Removing  `luaotfload.node_processor' from `hpack_filter'.
Removing  `luaotfload.harf.finalize_hlist' from `hpack_filter'.
Inserting `Babel.pre_otfload_h' in `hpack_filter'.
Inserting `luaotfload.node_processor' in `hpack_filter'.
Inserting `luaotfload.harf.finalize_hlist' in `hpack_filter'.
\bbl@attr@dir=\attribute5
)
LaTeX Info: Redefining \textlatin on input line 4079.
(c:/Users/uzarb/AppData/Roaming/TinyTeX/texmf-dist/tex/generic/babel/locale/ru/babel-russian.tex)
Package babel Info: Importing data for 'russian'
(babel)             from babel-ru.ini. Reported on input line 4460.
Package babel Info: Hyphen rules for 'russian' set to \l@english
(babel)             (\language0). Reported on input line 4460.
(c:/Users/uzarb/AppData/Roaming/TinyTeX/texmf-dist/tex/generic/babel/cyrl2uni.def
File: cyrl2uni.def 2026/05/03 v0.3 Map to Unicode from Cyrillic LICR
) (c:/Users/uzarb/AppData/Roaming/TinyTeX/texmf-dist/tex/generic/babel/cyrl2uni.def
File: cyrl2uni.def 2026/05/03 v0.3 Map to Unicode from Cyrillic LICR
LaTeX Encoding Info:    Redeclaring text command \U (encoding TU) on input line 12.
LaTeX Encoding Info:    Redeclaring text command \C (encoding TU) on input line 13.
LaTeX Encoding Info:    Redeclaring text command \CYRYO (encoding TU) on input line 23.
LaTeX Encoding Info:    Redeclaring text command \CYRDJE (encoding TU) on input line 24.
LaTeX Encoding Info:    Redeclaring text command \CYRIE (encoding TU) on input line 26.
LaTeX Encoding Info:    Redeclaring text command \CYRDZE (encoding TU) on input line 27.
LaTeX Encoding Info:    Redeclaring text command \CYRII (encoding TU) on input line 28.
LaTeX Encoding Info:    Redeclaring text command \CYRYI (encoding TU) on input line 29.
LaTeX Encoding Info:    Redeclaring text command \CYRJE (encoding TU) on input line 30.
LaTeX Encoding Info:    Redeclaring text command \CYRLJE (encoding TU) on input line 31.
LaTeX Encoding Info:    Redeclaring text command \CYRNJE (encoding TU) on input line 32.
LaTeX Encoding Info:    Redeclaring text command \CYRTSHE (encoding TU) on input line 33.
LaTeX Encoding Info:    Redeclaring text command \CYRUSHRT (encoding TU) on input line 36.
LaTeX Encoding Info:    Redeclaring text command \CYRDZHE (encoding TU) on input line 37.
LaTeX Encoding Info:    Redeclaring text command \CYRA (encoding TU) on input line 38.
LaTeX Encoding Info:    Redeclaring text command \CYRB (encoding TU) on input line 39.
LaTeX Encoding Info:    Redeclaring text command \CYRV (encoding TU) on input line 40.
LaTeX Encoding Info:    Redeclaring text command \CYRG (encoding TU) on input line 41.
LaTeX Encoding Info:    Redeclaring text command \CYRD (encoding TU) on input line 42.
LaTeX Encoding Info:    Redeclaring text command \CYRE (encoding TU) on input line 43.
LaTeX Encoding Info:    Redeclaring text command \CYRZH (encoding TU) on input line 44.
LaTeX Encoding Info:    Redeclaring text command \CYRZ (encoding TU) on input line 45.
LaTeX Encoding Info:    Redeclaring text command \CYRI (encoding TU) on input line 46.
LaTeX Encoding Info:    Redeclaring text command \CYRISHRT (encoding TU) on input line 47.
LaTeX Encoding Info:    Redeclaring text command \CYRK (encoding TU) on input line 48.
LaTeX Encoding Info:    Redeclaring text command \CYRL (encoding TU) on input line 49.
LaTeX Encoding Info:    Redeclaring text command \CYRM (encoding TU) on input line 50.
LaTeX Encoding Info:    Redeclaring text command \CYRN (encoding TU) on input line 51.
LaTeX Encoding Info:    Redeclaring text command \CYRO (encoding TU) on input line 52.
LaTeX Encoding Info:    Redeclaring text command \CYRP (encoding TU) on input line 53.
LaTeX Encoding Info:    Redeclaring text command \CYRR (encoding TU) on input line 54.
LaTeX Encoding Info:    Redeclaring text command \CYRS (encoding TU) on input line 55.
LaTeX Encoding Info:    Redeclaring text command \CYRT (encoding TU) on input line 56.
LaTeX Encoding Info:    Redeclaring text command \CYRU (encoding TU) on input line 57.
LaTeX Encoding Info:    Redeclaring text command \CYRF (encoding TU) on input line 58.
LaTeX Encoding Info:    Redeclaring text command \CYRH (encoding TU) on input line 59.
LaTeX Encoding Info:    Redeclaring text command \CYRC (encoding TU) on input line 60.
LaTeX Encoding Info:    Redeclaring text command \CYRCH (encoding TU) on input line 61.
LaTeX Encoding Info:    Redeclaring text command \CYRSH (encoding TU) on input line 62.
LaTeX Encoding Info:    Redeclaring text command \CYRSHCH (encoding TU) on input line 63.
LaTeX Encoding Info:    Redeclaring text command \CYRHRDSN (encoding TU) on input line 64.
LaTeX Encoding Info:    Redeclaring text command \CYRERY (encoding TU) on input line 65.
LaTeX Encoding Info:    Redeclaring text command \CYRSFTSN (encoding TU) on input line 66.
LaTeX Encoding Info:    Redeclaring text command \CYREREV (encoding TU) on input line 67.
LaTeX Encoding Info:    Redeclaring text command \CYRYU (encoding TU) on input line 68.
LaTeX Encoding Info:    Redeclaring text command \CYRYA (encoding TU) on input line 69.
LaTeX Encoding Info:    Redeclaring text command \cyra (encoding TU) on input line 70.
LaTeX Encoding Info:    Redeclaring text command \cyrb (encoding TU) on input line 71.
LaTeX Encoding Info:    Redeclaring text command \cyrv (encoding TU) on input line 72.
LaTeX Encoding Info:    Redeclaring text command \cyrg (encoding TU) on input line 73.
LaTeX Encoding Info:    Redeclaring text command \cyrd (encoding TU) on input line 74.
LaTeX Encoding Info:    Redeclaring text command \cyre (encoding TU) on input line 75.
LaTeX Encoding Info:    Redeclaring text command \cyrzh (encoding TU) on input line 76.
LaTeX Encoding Info:    Redeclaring text command \cyrz (encoding TU) on input line 77.
LaTeX Encoding Info:    Redeclaring text command \cyri (encoding TU) on input line 78.
LaTeX Encoding Info:    Redeclaring text command \cyrishrt (encoding TU) on input line 79.
LaTeX Encoding Info:    Redeclaring text command \cyrk (encoding TU) on input line 80.
LaTeX Encoding Info:    Redeclaring text command \cyrl (encoding TU) on input line 81.
LaTeX Encoding Info:    Redeclaring text command \cyrm (encoding TU) on input line 82.
LaTeX Encoding Info:    Redeclaring text command \cyrn (encoding TU) on input line 83.
LaTeX Encoding Info:    Redeclaring text command \cyro (encoding TU) on input line 84.
LaTeX Encoding Info:    Redeclaring text command \cyrp (encoding TU) on input line 85.
LaTeX Encoding Info:    Redeclaring text command \cyrr (encoding TU) on input line 86.
LaTeX Encoding Info:    Redeclaring text command \cyrs (encoding TU) on input line 87.
LaTeX Encoding Info:    Redeclaring text command \cyrt (encoding TU) on input line 88.
LaTeX Encoding Info:    Redeclaring text command \cyru (encoding TU) on input line 89.
LaTeX Encoding Info:    Redeclaring text command \cyrf (encoding TU) on input line 90.
LaTeX Encoding Info:    Redeclaring text command \cyrh (encoding TU) on input line 91.
LaTeX Encoding Info:    Redeclaring text command \cyrc (encoding TU) on input line 92.
LaTeX Encoding Info:    Redeclaring text command \cyrch (encoding TU) on input line 93.
LaTeX Encoding Info:    Redeclaring text command \cyrsh (encoding TU) on input line 94.
LaTeX Encoding Info:    Redeclaring text command \cyrshch (encoding TU) on input line 95.
LaTeX Encoding Info:    Redeclaring text command \cyrhrdsn (encoding TU) on input line 96.
LaTeX Encoding Info:    Redeclaring text command \cyrery (encoding TU) on input line 97.
LaTeX Encoding Info:    Redeclaring text command \cyrsftsn (encoding TU) on input line 98.
LaTeX Encoding Info:    Redeclaring text command \cyrerev (encoding TU) on input line 99.
LaTeX Encoding Info:    Redeclaring text command \cyryu (encoding TU) on input line 100.
LaTeX Encoding Info:    Redeclaring text command \cyrya (encoding TU) on input line 101.
LaTeX Encoding Info:    Redeclaring text command \cyryo (encoding TU) on input line 103.
LaTeX Encoding Info:    Redeclaring text command \cyrdje (encoding TU) on input line 104.
LaTeX Encoding Info:    Redeclaring text command \cyrie (encoding TU) on input line 106.
LaTeX Encoding Info:    Redeclaring text command \cyrdze (encoding TU) on input line 107.
LaTeX Encoding Info:    Redeclaring text command \cyrii (encoding TU) on input line 108.
LaTeX Encoding Info:    Redeclaring text command \cyryi (encoding TU) on input line 109.
LaTeX Encoding Info:    Redeclaring text command \cyrje (encoding TU) on input line 110.
LaTeX Encoding Info:    Redeclaring text command \cyrlje (encoding TU) on input line 111.
LaTeX Encoding Info:    Redeclaring text command \cyrnje (encoding TU) on input line 112.
LaTeX Encoding Info:    Redeclaring text command \cyrtshe (encoding TU) on input line 113.
LaTeX Encoding Info:    Redeclaring text command \cyrushrt (encoding TU) on input line 116.
LaTeX Encoding Info:    Redeclaring text command \cyrdzhe (encoding TU) on input line 117.
LaTeX Encoding Info:    Redeclaring text command \CYRYAT (encoding TU) on input line 118.
LaTeX Encoding Info:    Redeclaring text command \cyryat (encoding TU) on input line 119.
LaTeX Encoding Info:    Redeclaring text command \CYRBYUS (encoding TU) on input line 120.
LaTeX Encoding Info:    Redeclaring text command \cyrbyus (encoding TU) on input line 121.
LaTeX Encoding Info:    Redeclaring text command \CYRFITA (encoding TU) on input line 122.
LaTeX Encoding Info:    Redeclaring text command \cyrfita (encoding TU) on input line 123.
LaTeX Encoding Info:    Redeclaring text command \CYRIZH (encoding TU) on input line 124.
LaTeX Encoding Info:    Redeclaring text command \cyrizh (encoding TU) on input line 125.
LaTeX Encoding Info:    Redeclaring text command \CYRSEMISFTSN (encoding TU) on input line 128.
LaTeX Encoding Info:    Redeclaring text command \cyrsemisftsn (encoding TU) on input line 129.
LaTeX Encoding Info:    Redeclaring text command \CYRRTICK (encoding TU) on input line 130.
LaTeX Encoding Info:    Redeclaring text command \cyrrtick (encoding TU) on input line 131.
LaTeX Encoding Info:    Redeclaring text command \CYRGUP (encoding TU) on input line 132.
LaTeX Encoding Info:    Redeclaring text command \cyrgup (encoding TU) on input line 133.
LaTeX Encoding Info:    Redeclaring text command \CYRGHCRS (encoding TU) on input line 134.
LaTeX Encoding Info:    Redeclaring text command \cyrghcrs (encoding TU) on input line 135.
LaTeX Encoding Info:    Redeclaring text command \CYRGHK (encoding TU) on input line 136.
LaTeX Encoding Info:    Redeclaring text command \cyrghk (encoding TU) on input line 137.
LaTeX Encoding Info:    Redeclaring text command \CYRZHDSC (encoding TU) on input line 138.
LaTeX Encoding Info:    Redeclaring text command \cyrzhdsc (encoding TU) on input line 139.
LaTeX Encoding Info:    Redeclaring text command \CYRZDSC (encoding TU) on input line 140.
LaTeX Encoding Info:    Redeclaring text command \cyrzdsc (encoding TU) on input line 141.
LaTeX Encoding Info:    Redeclaring text command \CYRKDSC (encoding TU) on input line 142.
LaTeX Encoding Info:    Redeclaring text command \cyrkdsc (encoding TU) on input line 143.
LaTeX Encoding Info:    Redeclaring text command \CYRKVCRS (encoding TU) on input line 144.
LaTeX Encoding Info:    Redeclaring text command \cyrkvcrs (encoding TU) on input line 145.
LaTeX Encoding Info:    Redeclaring text command \CYRKHCRS (encoding TU) on input line 146.
LaTeX Encoding Info:    Redeclaring text command \cyrkhcrs (encoding TU) on input line 147.
LaTeX Encoding Info:    Redeclaring text command \CYRKBEAK (encoding TU) on input line 148.
LaTeX Encoding Info:    Redeclaring text command \cyrkbeak (encoding TU) on input line 149.
LaTeX Encoding Info:    Redeclaring text command \CYRNDSC (encoding TU) on input line 150.
LaTeX Encoding Info:    Redeclaring text command \cyrndsc (encoding TU) on input line 151.
LaTeX Encoding Info:    Redeclaring text command \CYRNG (encoding TU) on input line 152.
LaTeX Encoding Info:    Redeclaring text command \cyrng (encoding TU) on input line 153.
LaTeX Encoding Info:    Redeclaring text command \CYRPHK (encoding TU) on input line 154.
LaTeX Encoding Info:    Redeclaring text command \cyrphk (encoding TU) on input line 155.
LaTeX Encoding Info:    Redeclaring text command \CYRABHHA (encoding TU) on input line 156.
LaTeX Encoding Info:    Redeclaring text command \cyrabhha (encoding TU) on input line 157.
LaTeX Encoding Info:    Redeclaring text command \CYRSDSC (encoding TU) on input line 158.
LaTeX Encoding Info:    Redeclaring text command \cyrsdsc (encoding TU) on input line 159.
LaTeX Encoding Info:    Redeclaring text command \CYRTDSC (encoding TU) on input line 160.
LaTeX Encoding Info:    Redeclaring text command \cyrtdsc (encoding TU) on input line 161.
LaTeX Encoding Info:    Redeclaring text command \CYRY (encoding TU) on input line 162.
LaTeX Encoding Info:    Redeclaring text command \cyry (encoding TU) on input line 163.
LaTeX Encoding Info:    Redeclaring text command \CYRYHCRS (encoding TU) on input line 164.
LaTeX Encoding Info:    Redeclaring text command \cyryhcrs (encoding TU) on input line 165.
LaTeX Encoding Info:    Redeclaring text command \CYRHDSC (encoding TU) on input line 166.
LaTeX Encoding Info:    Redeclaring text command \cyrhdsc (encoding TU) on input line 167.
LaTeX Encoding Info:    Redeclaring text command \CYRTETSE (encoding TU) on input line 168.
LaTeX Encoding Info:    Redeclaring text command \cyrtetse (encoding TU) on input line 169.
LaTeX Encoding Info:    Redeclaring text command \CYRCHRDSC (encoding TU) on input line 170.
LaTeX Encoding Info:    Redeclaring text command \cyrchrdsc (encoding TU) on input line 171.
LaTeX Encoding Info:    Redeclaring text command \CYRCHVCRS (encoding TU) on input line 172.
LaTeX Encoding Info:    Redeclaring text command \cyrchvcrs (encoding TU) on input line 173.
LaTeX Encoding Info:    Redeclaring text command \CYRSHHA (encoding TU) on input line 174.
LaTeX Encoding Info:    Redeclaring text command \cyrshha (encoding TU) on input line 175.
LaTeX Encoding Info:    Redeclaring text command \CYRABHCH (encoding TU) on input line 176.
LaTeX Encoding Info:    Redeclaring text command \cyrabhch (encoding TU) on input line 177.
LaTeX Encoding Info:    Redeclaring text command \CYRABHCHDSC (encoding TU) on input line 178.
LaTeX Encoding Info:    Redeclaring text command \cyrabhchdsc (encoding TU) on input line 179.
LaTeX Encoding Info:    Redeclaring text command \CYRpalochka (encoding TU) on input line 180.
LaTeX Encoding Info:    Redeclaring text command \CYRKHK (encoding TU) on input line 183.
LaTeX Encoding Info:    Redeclaring text command \cyrkhk (encoding TU) on input line 184.
LaTeX Encoding Info:    Redeclaring text command \CYRLDSC (encoding TU) on input line 185.
LaTeX Encoding Info:    Redeclaring text command \cyrldsc (encoding TU) on input line 186.
LaTeX Encoding Info:    Redeclaring text command \CYRNHK (encoding TU) on input line 187.
LaTeX Encoding Info:    Redeclaring text command \cyrnhk (encoding TU) on input line 188.
LaTeX Encoding Info:    Redeclaring text command \CYRCHLDSC (encoding TU) on input line 189.
LaTeX Encoding Info:    Redeclaring text command \cyrchldsc (encoding TU) on input line 190.
LaTeX Encoding Info:    Redeclaring text command \CYRMDSC (encoding TU) on input line 191.
LaTeX Encoding Info:    Redeclaring text command \cyrmdsc (encoding TU) on input line 192.
LaTeX Encoding Info:    Redeclaring text command \CYRAE (encoding TU) on input line 197.
LaTeX Encoding Info:    Redeclaring text command \cyrae (encoding TU) on input line 198.
LaTeX Encoding Info:    Redeclaring text command \CYRSCHWA (encoding TU) on input line 201.
LaTeX Encoding Info:    Redeclaring text command \cyrschwa (encoding TU) on input line 202.
LaTeX Encoding Info:    Redeclaring text command \CYRABHDZE (encoding TU) on input line 209.
LaTeX Encoding Info:    Redeclaring text command \cyrabhdze (encoding TU) on input line 210.
LaTeX Encoding Info:    Redeclaring text command \CYROTLD (encoding TU) on input line 217.
LaTeX Encoding Info:    Redeclaring text command \cyrotld (encoding TU) on input line 218.
LaTeX Encoding Info:    Redeclaring text command \CYRGDSC (encoding TU) on input line 229.
LaTeX Encoding Info:    Redeclaring text command \cyrgdsc (encoding TU) on input line 230.
LaTeX Encoding Info:    Redeclaring text command \CYRGDSCHCRS (encoding TU) on input line 233.
LaTeX Encoding Info:    Redeclaring text command \cyrgdschcrs (encoding TU) on input line 234.
LaTeX Encoding Info:    Redeclaring text command \CYRHHK (encoding TU) on input line 235.
LaTeX Encoding Info:    Redeclaring text command \cyrhhk (encoding TU) on input line 236.
LaTeX Encoding Info:    Redeclaring text command \CYRHHCRS (encoding TU) on input line 237.
LaTeX Encoding Info:    Redeclaring text command \cyrhhcrs (encoding TU) on input line 238.
)) (c:/Users/uzarb/AppData/Roaming/TinyTeX/texmf-dist/tex/lualatex/selnolig/selnolig.sty
=== Package selnolig, Version 0.302, Date 2015/10/26 ===
Package: selnolig 2015/10/26
(c:/Users/uzarb/AppData/Roaming/TinyTeX/texmf-dist/tex/generic/iftex/ifluatex.sty
Package: ifluatex 2019/10/25 v1.5 ifluatex legacy package. Use iftex instead.
)
Inserting `Suppress ligatures selectively' in `ligaturing'.) (c:/Users/uzarb/AppData/Roaming/TinyTeX/texmf-dist/tex/latex/csquotes/csquotes.sty
Package: csquotes 2026-05-19 v5.2p context-sensitive quotations (JAW)
\csq@reset=\count397
\csq@gtype=\count398
\csq@glevel=\count399
\csq@qlevel=\count400
\csq@maxlvl=\count401
\csq@tshold=\count402
\csq@ltx@everypar=\toks51
(c:/Users/uzarb/AppData/Roaming/TinyTeX/texmf-dist/tex/latex/csquotes/csquotes.def
File: csquotes.def 2026-05-19 v5.2p csquotes generic definitions (JAW)
)
Package csquotes Info: Trying to load configuration file 'csquotes.cfg'...
Package csquotes Info: ... configuration file loaded successfully.
(c:/Users/uzarb/AppData/Roaming/TinyTeX/texmf-dist/tex/latex/csquotes/csquotes.cfg
File: csquotes.cfg 
)) (c:/Users/uzarb/AppData/Roaming/TinyTeX/texmf-dist/tex/latex/libertine/libertine.sty
Package: libertine 2024/04/23 (Bob Tennent) Supports Libertine and Biolinum fonts for all LaTeX engines.
(c:/Users/uzarb/AppData/Roaming/TinyTeX/texmf-dist/tex/generic/iftex/ifxetex.sty
Package: ifxetex 2019/10/25 v0.7 ifxetex legacy package. Use iftex instead.
) (c:/Users/uzarb/AppData/Roaming/TinyTeX/texmf-dist/tex/latex/xkeyval/xkeyval.sty
Package: xkeyval 2025/11/04 v2.10 package option processing (HA)
(c:/Users/uzarb/AppData/Roaming/TinyTeX/texmf-dist/tex/generic/xkeyval/xkeyval.tex (c:/Users/uzarb/AppData/Roaming/TinyTeX/texmf-dist/tex/generic/xkeyval/xkvutils.tex
\XKV@toks=\toks52
\XKV@tempa@toks=\toks53
\XKV@tempb@toks=\toks54
)
\XKV@depth=\count403
File: xkeyval.tex 2014/12/03 v2.7a key=value parser (HA)
))

Package fontspec Info: 
(fontspec)             LinLibertine_R scale = 1.


Package fontspec Info: 
(fontspec)             LinLibertine_R scale = 1.


Package fontspec Info: 
(fontspec)             LinLibertine_R scale = 1.


Package fontspec Info: 
(fontspec)             LinLibertine_R scale = 1.


Package fontspec Info: 
(fontspec)             LinLibertine_R scale = 1.


Package fontspec Info: 
(fontspec)             LinLibertine_R scale = 1.


Package fontspec Info: 
(fontspec)             LinLibertine_RB scale = 1.


Package fontspec Info: 
(fontspec)             LinLibertine_RB scale = 1.


Package fontspec Info: 
(fontspec)             LinLibertine_RB scale = 1.


Package fontspec Info: 
(fontspec)             LinLibertine_RB scale = 1.


Package fontspec Info: 
(fontspec)             LinLibertine_RI scale = 1.


Package fontspec Info: 
(fontspec)             LinLibertine_RI scale = 1.


Package fontspec Info: 
(fontspec)             LinLibertine_RI scale = 1.


Package fontspec Info: 
(fontspec)             LinLibertine_RI scale = 1.


Package fontspec Info: 
(fontspec)             LinLibertine_RBI scale = 1.


Package fontspec Info: 
(fontspec)             LinLibertine_RBI scale = 1.


Package fontspec Info: 
(fontspec)             LinLibertine_RBI scale = 1.


Package fontspec Info: 
(fontspec)             LinLibertine_RBI scale = 1.


Package fontspec Info: 
(fontspec)             Font family 'LinLibertine(0)' created for font
(fontspec)             'LinLibertine' with options [Ligatures = TeX,Extension
(fontspec)             =
(fontspec)             .otf,SmallCapsFeatures={Letters=SmallCaps},Ligatures=TeX,Scale=1,Numbers
(fontspec)             = {Monospaced,Lining},Scale = 1,UprightFont =
(fontspec)             *_R,ItalicFont = *_RI,BoldFont = *_RB,BoldItalicFont =
(fontspec)             *_RBI].
(fontspec)              
(fontspec)              This font family consists of the following NFSS
(fontspec)             series/shapes:
(fontspec)              
(fontspec)             - 'normal' (m/n) with NFSS spec.:
(fontspec)             <->s*[1]"[LinLibertine_R.otf]:mode=node;script=latn;language=dflt;+tlig;+tnum;+lnum;"
(fontspec)             - 'small caps'  (m/sc) with NFSS spec.:
(fontspec)             <->s*[1]"[LinLibertine_R.otf]:mode=node;script=latn;language=dflt;+tlig;+tnum;+lnum;+smcp;"
(fontspec)             - 'bold' (b/n) with NFSS spec.:
(fontspec)             <->s*[1]"[LinLibertine_RB.otf]:mode=node;script=latn;language=dflt;+tlig;+tnum;+lnum;"
(fontspec)             - 'bold small caps'  (b/sc) with NFSS spec.:
(fontspec)             <->s*[1]"[LinLibertine_RB.otf]:mode=node;script=latn;language=dflt;+tlig;+tnum;+lnum;+smcp;"
(fontspec)             - 'italic' (m/it) with NFSS spec.:
(fontspec)             <->s*[1]"[LinLibertine_RI.otf]:mode=node;script=latn;language=dflt;+tlig;+tnum;+lnum;"
(fontspec)             - 'italic small caps'  (m/scit) with NFSS spec.:
(fontspec)             <->s*[1]"[LinLibertine_RI.otf]:mode=node;script=latn;language=dflt;+tlig;+tnum;+lnum;+smcp;"
(fontspec)             - 'bold italic' (b/it) with NFSS spec.:
(fontspec)             <->s*[1]"[LinLibertine_RBI.otf]:mode=node;script=latn;language=dflt;+tlig;+tnum;+lnum;"
(fontspec)             - 'bold italic small caps'  (b/scit) with NFSS spec.:
(fontspec)             <->s*[1]"[LinLibertine_RBI.otf]:mode=node;script=latn;language=dflt;+tlig;+tnum;+lnum;+smcp;"


Package fontspec Info: 
(fontspec)             LinLibertine_R scale = 1.


Package fontspec Info: 
(fontspec)             LinLibertine_R scale = 1.


Package fontspec Info: 
(fontspec)             LinLibertine_R scale = 1.


Package fontspec Info: 
(fontspec)             LinLibertine_RB scale = 1.


Package fontspec Info: 
(fontspec)             LinLibertine_RB scale = 1.


Package fontspec Info: 
(fontspec)             LinLibertine_RI scale = 1.


Package fontspec Info: 
(fontspec)             LinLibertine_RI scale = 1.


Package fontspec Info: 
(fontspec)             LinLibertine_RBI scale = 1.


Package fontspec Info: 
(fontspec)             LinLibertine_RBI scale = 1.


Package fontspec Info: 
(fontspec)             Font family 'LinLibertine(1)' created for font
(fontspec)             'LinLibertine' with options [Ligatures = TeX,Extension
(fontspec)             =
(fontspec)             .otf,SmallCapsFeatures={Letters=SmallCaps},Renderer=Basic,Numbers
(fontspec)             = {Monospaced,Lining},Scale = 1,UprightFont =
(fontspec)             *_R,ItalicFont = *_RI,BoldFont = *_RB,BoldItalicFont =
(fontspec)             *_RBI].
(fontspec)              
(fontspec)              This font family consists of the following NFSS
(fontspec)             series/shapes:
(fontspec)              
(fontspec)             - 'normal' (m/n) with NFSS spec.:
(fontspec)             <->s*[1]"[LinLibertine_R.otf]:mode=base;script=latn;language=dflt;+tlig;+tnum;+lnum;"
(fontspec)             - 'small caps'  (m/sc) with NFSS spec.:
(fontspec)             <->s*[1]"[LinLibertine_R.otf]:mode=base;script=latn;language=dflt;+tlig;+tnum;+lnum;+smcp;"
(fontspec)             - 'bold' (b/n) with NFSS spec.:
(fontspec)             <->s*[1]"[LinLibertine_RB.otf]:mode=base;script=latn;language=dflt;+tlig;+tnum;+lnum;"
(fontspec)             - 'bold small caps'  (b/sc) with NFSS spec.:
(fontspec)             <->s*[1]"[LinLibertine_RB.otf]:mode=base;script=latn;language=dflt;+tlig;+tnum;+lnum;+smcp;"
(fontspec)             - 'italic' (m/it) with NFSS spec.:
(fontspec)             <->s*[1]"[LinLibertine_RI.otf]:mode=base;script=latn;language=dflt;+tlig;+tnum;+lnum;"
(fontspec)             - 'italic small caps'  (m/scit) with NFSS spec.:
(fontspec)             <->s*[1]"[LinLibertine_RI.otf]:mode=base;script=latn;language=dflt;+tlig;+tnum;+lnum;+smcp;"
(fontspec)             - 'bold italic' (b/it) with NFSS spec.:
(fontspec)             <->s*[1]"[LinLibertine_RBI.otf]:mode=base;script=latn;language=dflt;+tlig;+tnum;+lnum;"
(fontspec)             - 'bold italic small caps'  (b/scit) with NFSS spec.:
(fontspec)             <->s*[1]"[LinLibertine_RBI.otf]:mode=base;script=latn;language=dflt;+tlig;+tnum;+lnum;+smcp;"

LaTeX Font Info:    Overwriting math alphabet `\mathrm' in version `normal'
(Font)                  OT1/lmr/m/n --> TU/LinLibertine(1)/m/n on input line 307.
LaTeX Font Info:    Overwriting math alphabet `\mathit' in version `normal'
(Font)                  OT1/lmr/m/it --> TU/LinLibertine(1)/m/it on input line 307.
LaTeX Font Info:    Overwriting math alphabet `\mathbf' in version `normal'
(Font)                  OT1/lmr/bx/n --> TU/LinLibertine(1)/b/n on input line 307.

Package fontspec Info: 
(fontspec)             LinBiolinum_R scale = 1.


Package fontspec Info: 
(fontspec)             LinBiolinum_R scale = 1.


Package fontspec Info: 
(fontspec)             LinBiolinum_R scale = 1.


Package fontspec Info: 
(fontspec)             LinBiolinum_RB scale = 1.


Package fontspec Info: 
(fontspec)             LinBiolinum_RB scale = 1.


Package fontspec Info: 
(fontspec)             LinBiolinum_RI scale = 1.


Package fontspec Info: 
(fontspec)             LinBiolinum_RI scale = 1.


Package fontspec Info: 
(fontspec)             LinBiolinum_RBO scale = 1.


Package fontspec Info: 
(fontspec)             LinBiolinum_RBO scale = 1.


Package fontspec Info: 
(fontspec)             Font family 'LinBiolinum(0)' created for font
(fontspec)             'LinBiolinum' with options [Ligatures = TeX,Extension =
(fontspec)             .otf,SmallCapsFeatures={Letters=SmallCaps},Ligatures=TeX,Numbers
(fontspec)             = {Monospaced, Lining},Scale = 1,UprightFont =
(fontspec)             *_R,ItalicFont = *_RI,BoldFont = *_RB,BoldItalicFont =
(fontspec)             *_RBO].
(fontspec)              
(fontspec)              This font family consists of the following NFSS
(fontspec)             series/shapes:
(fontspec)              
(fontspec)             - 'normal' (m/n) with NFSS spec.:
(fontspec)             <->s*[1]"[LinBiolinum_R.otf]:mode=node;script=latn;language=dflt;+tlig;+tnum;+lnum;"
(fontspec)             - 'small caps'  (m/sc) with NFSS spec.:
(fontspec)             <->s*[1]"[LinBiolinum_R.otf]:mode=node;script=latn;language=dflt;+tlig;+tnum;+lnum;+smcp;"
(fontspec)             - 'bold' (b/n) with NFSS spec.:
(fontspec)             <->s*[1]"[LinBiolinum_RB.otf]:mode=node;script=latn;language=dflt;+tlig;+tnum;+lnum;"
(fontspec)             - 'bold small caps'  (b/sc) with NFSS spec.:
(fontspec)             <->s*[1]"[LinBiolinum_RB.otf]:mode=node;script=latn;language=dflt;+tlig;+tnum;+lnum;+smcp;"
(fontspec)             - 'italic' (m/it) with NFSS spec.:
(fontspec)             <->s*[1]"[LinBiolinum_RI.otf]:mode=node;script=latn;language=dflt;+tlig;+tnum;+lnum;"
(fontspec)             - 'italic small caps'  (m/scit) with NFSS spec.:
(fontspec)             <->s*[1]"[LinBiolinum_RI.otf]:mode=node;script=latn;language=dflt;+tlig;+tnum;+lnum;+smcp;"
(fontspec)             - 'bold italic' (b/it) with NFSS spec.:
(fontspec)             <->s*[1]"[LinBiolinum_RBO.otf]:mode=node;script=latn;language=dflt;+tlig;+tnum;+lnum;"
(fontspec)             - 'bold italic small caps'  (b/scit) with NFSS spec.:
(fontspec)             <->s*[1]"[LinBiolinum_RBO.otf]:mode=node;script=latn;language=dflt;+tlig;+tnum;+lnum;+smcp;"


Package fontspec Info: 
(fontspec)             LinBiolinum_R scale = 1.


Package fontspec Info: 
(fontspec)             LinBiolinum_R scale = 1.


Package fontspec Info: 
(fontspec)             LinBiolinum_R scale = 1.


Package fontspec Info: 
(fontspec)             LinBiolinum_RB scale = 1.


Package fontspec Info: 
(fontspec)             LinBiolinum_RB scale = 1.


Package fontspec Info: 
(fontspec)             LinBiolinum_RI scale = 1.


Package fontspec Info: 
(fontspec)             LinBiolinum_RI scale = 1.


Package fontspec Info: 
(fontspec)             LinBiolinum_RBO scale = 1.


Package fontspec Info: 
(fontspec)             LinBiolinum_RBO scale = 1.


Package fontspec Info: 
(fontspec)             Font family 'LinBiolinum(1)' created for font
(fontspec)             'LinBiolinum' with options [Ligatures = TeX,Extension =
(fontspec)             .otf,SmallCapsFeatures={Letters=SmallCaps},Renderer=Basic,Numbers
(fontspec)             = {Monospaced, Lining},Scale = 1,UprightFont =
(fontspec)             *_R,ItalicFont = *_RI,BoldFont = *_RB,BoldItalicFont =
(fontspec)             *_RBO].
(fontspec)              
(fontspec)              This font family consists of the following NFSS
(fontspec)             series/shapes:
(fontspec)              
(fontspec)             - 'normal' (m/n) with NFSS spec.:
(fontspec)             <->s*[1]"[LinBiolinum_R.otf]:mode=base;script=latn;language=dflt;+tlig;+tnum;+lnum;"
(fontspec)             - 'small caps'  (m/sc) with NFSS spec.:
(fontspec)             <->s*[1]"[LinBiolinum_R.otf]:mode=base;script=latn;language=dflt;+tlig;+tnum;+lnum;+smcp;"
(fontspec)             - 'bold' (b/n) with NFSS spec.:
(fontspec)             <->s*[1]"[LinBiolinum_RB.otf]:mode=base;script=latn;language=dflt;+tlig;+tnum;+lnum;"
(fontspec)             - 'bold small caps'  (b/sc) with NFSS spec.:
(fontspec)             <->s*[1]"[LinBiolinum_RB.otf]:mode=base;script=latn;language=dflt;+tlig;+tnum;+lnum;+smcp;"
(fontspec)             - 'italic' (m/it) with NFSS spec.:
(fontspec)             <->s*[1]"[LinBiolinum_RI.otf]:mode=base;script=latn;language=dflt;+tlig;+tnum;+lnum;"
(fontspec)             - 'italic small caps'  (m/scit) with NFSS spec.:
(fontspec)             <->s*[1]"[LinBiolinum_RI.otf]:mode=base;script=latn;language=dflt;+tlig;+tnum;+lnum;+smcp;"
(fontspec)             - 'bold italic' (b/it) with NFSS spec.:
(fontspec)             <->s*[1]"[LinBiolinum_RBO.otf]:mode=base;script=latn;language=dflt;+tlig;+tnum;+lnum;"
(fontspec)             - 'bold italic small caps'  (b/scit) with NFSS spec.:
(fontspec)             <->s*[1]"[LinBiolinum_RBO.otf]:mode=base;script=latn;language=dflt;+tlig;+tnum;+lnum;+smcp;"

LaTeX Font Info:    Overwriting math alphabet `\mathsf' in version `normal'
(Font)                  OT1/lmss/m/n --> TU/LinBiolinum(1)/m/n on input line 318.
LaTeX Font Info:    Overwriting math alphabet `\mathsf' in version `bold'
(Font)                  OT1/lmss/bx/n --> TU/LinBiolinum(1)/b/n on input line 318.
LaTeX Font Info:    Font shape `TU/LinBiolinum(0)/m/n' will be
(Font)              scaled to size 10.95pt on input line 318.

Package fontspec Info: 
(fontspec)             LinLibertine_R scale = 1.


Package fontspec Info: 
(fontspec)             LinLibertine_R scale = 1.


Package fontspec Info: 
(fontspec)             LinLibertine_R scale = 1.


Package fontspec Info: 
(fontspec)             LinLibertine_RB scale = 1.


Package fontspec Info: 
(fontspec)             LinLibertine_RB scale = 1.


Package fontspec Info: 
(fontspec)             LinLibertine_RI scale = 1.


Package fontspec Info: 
(fontspec)             LinLibertine_RI scale = 1.


Package fontspec Info: 
(fontspec)             LinLibertine_RBI scale = 1.


Package fontspec Info: 
(fontspec)             LinLibertine_RBI scale = 1.


Package fontspec Info: 
(fontspec)             Font family 'LinLibertine(2)' created for font
(fontspec)             'LinLibertine' with options [Ligatures = TeX,Extension
(fontspec)             = .otf,SmallCapsFeatures={Letters=SmallCaps},Numbers =
(fontspec)             {Monospaced,Lining},Scale = 1,UprightFont =
(fontspec)             *_R,ItalicFont = *_RI,BoldFont = *_RB,BoldItalicFont =
(fontspec)             *_RBI].
(fontspec)              
(fontspec)              This font family consists of the following NFSS
(fontspec)             series/shapes:
(fontspec)              
(fontspec)             - 'normal' (m/n) with NFSS spec.:
(fontspec)             <->s*[1]"[LinLibertine_R.otf]:mode=node;script=latn;language=dflt;+tlig;+tnum;+lnum;"
(fontspec)             - 'small caps'  (m/sc) with NFSS spec.:
(fontspec)             <->s*[1]"[LinLibertine_R.otf]:mode=node;script=latn;language=dflt;+tlig;+tnum;+lnum;+smcp;"
(fontspec)             - 'bold' (b/n) with NFSS spec.:
(fontspec)             <->s*[1]"[LinLibertine_RB.otf]:mode=node;script=latn;language=dflt;+tlig;+tnum;+lnum;"
(fontspec)             - 'bold small caps'  (b/sc) with NFSS spec.:
(fontspec)             <->s*[1]"[LinLibertine_RB.otf]:mode=node;script=latn;language=dflt;+tlig;+tnum;+lnum;+smcp;"
(fontspec)             - 'italic' (m/it) with NFSS spec.:
(fontspec)             <->s*[1]"[LinLibertine_RI.otf]:mode=node;script=latn;language=dflt;+tlig;+tnum;+lnum;"
(fontspec)             - 'italic small caps'  (m/scit) with NFSS spec.:
(fontspec)             <->s*[1]"[LinLibertine_RI.otf]:mode=node;script=latn;language=dflt;+tlig;+tnum;+lnum;+smcp;"
(fontspec)             - 'bold italic' (b/it) with NFSS spec.:
(fontspec)             <->s*[1]"[LinLibertine_RBI.otf]:mode=node;script=latn;language=dflt;+tlig;+tnum;+lnum;"
(fontspec)             - 'bold italic small caps'  (b/scit) with NFSS spec.:
(fontspec)             <->s*[1]"[LinLibertine_RBI.otf]:mode=node;script=latn;language=dflt;+tlig;+tnum;+lnum;+smcp;"


Package fontspec Info: 
(fontspec)             LinLibertine_RZ scale = 1.


Package fontspec Info: 
(fontspec)             LinLibertine_RZ scale = 1.


Package fontspec Info: 
(fontspec)             LinLibertine_RZ scale = 1.


Package fontspec Info: 
(fontspec)             LinLibertine_RB scale = 1.


Package fontspec Info: 
(fontspec)             LinLibertine_RB scale = 1.


Package fontspec Info: 
(fontspec)             LinLibertine_RZI scale = 1.


Package fontspec Info: 
(fontspec)             LinLibertine_RZI scale = 1.


Package fontspec Info: 
(fontspec)             LinLibertine_RBI scale = 1.


Package fontspec Info: 
(fontspec)             LinLibertine_RBI scale = 1.


Package fontspec Info: 
(fontspec)             Font family 'LinLibertine(3)' created for font
(fontspec)             'LinLibertine' with options [Ligatures = TeX,Extension
(fontspec)             = .otf,SmallCapsFeatures={Letters=SmallCaps},Numbers =
(fontspec)             { Monospaced, Lining},Scale = 1,UprightFont =
(fontspec)             *_RZ,ItalicFont = *_RZI,BoldFont = *_RB,BoldItalicFont
(fontspec)             = *_RBI].
(fontspec)              
(fontspec)              This font family consists of the following NFSS
(fontspec)             series/shapes:
(fontspec)              
(fontspec)             - 'normal' (m/n) with NFSS spec.:
(fontspec)             <->s*[1]"[LinLibertine_RZ.otf]:mode=node;script=latn;language=dflt;+tlig;+tnum;+lnum;"
(fontspec)             - 'small caps'  (m/sc) with NFSS spec.:
(fontspec)             <->s*[1]"[LinLibertine_RZ.otf]:mode=node;script=latn;language=dflt;+tlig;+tnum;+lnum;+smcp;"
(fontspec)             - 'bold' (b/n) with NFSS spec.:
(fontspec)             <->s*[1]"[LinLibertine_RB.otf]:mode=node;script=latn;language=dflt;+tlig;+tnum;+lnum;"
(fontspec)             - 'bold small caps'  (b/sc) with NFSS spec.:
(fontspec)             <->s*[1]"[LinLibertine_RB.otf]:mode=node;script=latn;language=dflt;+tlig;+tnum;+lnum;+smcp;"
(fontspec)             - 'italic' (m/it) with NFSS spec.:
(fontspec)             <->s*[1]"[LinLibertine_RZI.otf]:mode=node;script=latn;language=dflt;+tlig;+tnum;+lnum;"
(fontspec)             - 'italic small caps'  (m/scit) with NFSS spec.:
(fontspec)             <->s*[1]"[LinLibertine_RZI.otf]:mode=node;script=latn;language=dflt;+tlig;+tnum;+lnum;+smcp;"
(fontspec)             - 'bold italic' (b/it) with NFSS spec.:
(fontspec)             <->s*[1]"[LinLibertine_RBI.otf]:mode=node;script=latn;language=dflt;+tlig;+tnum;+lnum;"
(fontspec)             - 'bold italic small caps'  (b/scit) with NFSS spec.:
(fontspec)             <->s*[1]"[LinLibertine_RBI.otf]:mode=node;script=latn;language=dflt;+tlig;+tnum;+lnum;+smcp;"


Package fontspec Info: 
(fontspec)             LinLibertine_R scale = 1.


Package fontspec Info: 
(fontspec)             LinLibertine_R scale = 1.


Package fontspec Info: 
(fontspec)             LinLibertine_R scale = 1.


Package fontspec Info: 
(fontspec)             LinLibertine_RB scale = 1.


Package fontspec Info: 
(fontspec)             LinLibertine_RB scale = 1.


Package fontspec Info: 
(fontspec)             LinLibertine_RI scale = 1.


Package fontspec Info: 
(fontspec)             LinLibertine_RI scale = 1.


Package fontspec Info: 
(fontspec)             LinLibertine_RBI scale = 1.


Package fontspec Info: 
(fontspec)             LinLibertine_RBI scale = 1.


Package fontspec Info: 
(fontspec)             Font family 'LinLibertine(4)' created for font
(fontspec)             'LinLibertine' with options [Ligatures = TeX,Extension
(fontspec)             = .otf,SmallCapsFeatures={Letters=SmallCaps},Numbers =
(fontspec)             {Monospaced,OldStyle},Scale = 1,UprightFont =
(fontspec)             *_R,ItalicFont = *_RI,BoldFont = *_RB,BoldItalicFont =
(fontspec)             *_RBI].
(fontspec)              
(fontspec)              This font family consists of the following NFSS
(fontspec)             series/shapes:
(fontspec)              
(fontspec)             - 'normal' (m/n) with NFSS spec.:
(fontspec)             <->s*[1]"[LinLibertine_R.otf]:mode=node;script=latn;language=dflt;+tlig;+tnum;+onum;"
(fontspec)             - 'small caps'  (m/sc) with NFSS spec.:
(fontspec)             <->s*[1]"[LinLibertine_R.otf]:mode=node;script=latn;language=dflt;+tlig;+tnum;+onum;+smcp;"
(fontspec)             - 'bold' (b/n) with NFSS spec.:
(fontspec)             <->s*[1]"[LinLibertine_RB.otf]:mode=node;script=latn;language=dflt;+tlig;+tnum;+onum;"
(fontspec)             - 'bold small caps'  (b/sc) with NFSS spec.:
(fontspec)             <->s*[1]"[LinLibertine_RB.otf]:mode=node;script=latn;language=dflt;+tlig;+tnum;+onum;+smcp;"
(fontspec)             - 'italic' (m/it) with NFSS spec.:
(fontspec)             <->s*[1]"[LinLibertine_RI.otf]:mode=node;script=latn;language=dflt;+tlig;+tnum;+onum;"
(fontspec)             - 'italic small caps'  (m/scit) with NFSS spec.:
(fontspec)             <->s*[1]"[LinLibertine_RI.otf]:mode=node;script=latn;language=dflt;+tlig;+tnum;+onum;+smcp;"
(fontspec)             - 'bold italic' (b/it) with NFSS spec.:
(fontspec)             <->s*[1]"[LinLibertine_RBI.otf]:mode=node;script=latn;language=dflt;+tlig;+tnum;+onum;"
(fontspec)             - 'bold italic small caps'  (b/scit) with NFSS spec.:
(fontspec)             <->s*[1]"[LinLibertine_RBI.otf]:mode=node;script=latn;language=dflt;+tlig;+tnum;+onum;+smcp;"


Package fontspec Info: 
(fontspec)             LinLibertine_R scale = 1.


Package fontspec Info: 
(fontspec)             Font family 'LinLibertine(5)' created for font
(fontspec)             'LinLibertine' with options [Ligatures = TeX,Extension
(fontspec)             = .otf,SmallCapsFeatures={Letters=SmallCaps},Numbers =
(fontspec)             {Monospaced,Lining},UprightFont = *_DR,ItalicFont =
(fontspec)             *_RI,BoldFont = *_RB,BoldItalicFont = *_RBI].
(fontspec)              
(fontspec)              This font family consists of the following NFSS
(fontspec)             series/shapes:
(fontspec)              
(fontspec)             - 'normal' (m/n) with NFSS spec.:
(fontspec)             <->"[LinLibertine_DR.otf]:mode=node;script=latn;language=dflt;+tlig;+tnum;+lnum;"
(fontspec)             - 'bold' (b/n) with NFSS spec.:
(fontspec)             <->"[LinLibertine_RB.otf]:mode=node;script=latn;language=dflt;+tlig;+tnum;+lnum;"
(fontspec)             - 'bold small caps'  (b/sc) with NFSS spec.:
(fontspec)             <->"[LinLibertine_RB.otf]:mode=node;script=latn;language=dflt;+tlig;+tnum;+lnum;+smcp;"
(fontspec)             - 'italic' (m/it) with NFSS spec.:
(fontspec)             <->"[LinLibertine_RI.otf]:mode=node;script=latn;language=dflt;+tlig;+tnum;+lnum;"
(fontspec)             - 'italic small caps'  (m/scit) with NFSS spec.:
(fontspec)             <->"[LinLibertine_RI.otf]:mode=node;script=latn;language=dflt;+tlig;+tnum;+lnum;+smcp;"
(fontspec)             - 'bold italic' (b/it) with NFSS spec.:
(fontspec)             <->"[LinLibertine_RBI.otf]:mode=node;script=latn;language=dflt;+tlig;+tnum;+lnum;"
(fontspec)             - 'bold italic small caps'  (b/scit) with NFSS spec.:
(fontspec)             <->"[LinLibertine_RBI.otf]:mode=node;script=latn;language=dflt;+tlig;+tnum;+lnum;+smcp;"


Package fontspec Info: 
(fontspec)             LinBiolinum_R scale = 1.


Package fontspec Info: 
(fontspec)             LinBiolinum_R scale = 1.


Package fontspec Info: 
(fontspec)             LinBiolinum_R scale = 1.


Package fontspec Info: 
(fontspec)             LinBiolinum_RB scale = 1.


Package fontspec Info: 
(fontspec)             LinBiolinum_RB scale = 1.


Package fontspec Info: 
(fontspec)             LinBiolinum_RI scale = 1.


Package fontspec Info: 
(fontspec)             LinBiolinum_RI scale = 1.


Package fontspec Info: 
(fontspec)             LinBiolinum_RBO scale = 1.


Package fontspec Info: 
(fontspec)             LinBiolinum_RBO scale = 1.


Package fontspec Info: 
(fontspec)             Font family 'LinBiolinum(2)' created for font
(fontspec)             'LinBiolinum' with options [Ligatures = TeX,Extension =
(fontspec)             .otf,SmallCapsFeatures={Letters=SmallCaps},Numbers =
(fontspec)             {Monospaced, Lining},Scale = 1,UprightFont =
(fontspec)             *_R,ItalicFont = *_RI,BoldFont = *_RB,BoldItalicFont =
(fontspec)             *_RBO].
(fontspec)              
(fontspec)              This font family consists of the following NFSS
(fontspec)             series/shapes:
(fontspec)              
(fontspec)             - 'normal' (m/n) with NFSS spec.:
(fontspec)             <->s*[1]"[LinBiolinum_R.otf]:mode=node;script=latn;language=dflt;+tlig;+tnum;+lnum;"
(fontspec)             - 'small caps'  (m/sc) with NFSS spec.:
(fontspec)             <->s*[1]"[LinBiolinum_R.otf]:mode=node;script=latn;language=dflt;+tlig;+tnum;+lnum;+smcp;"
(fontspec)             - 'bold' (b/n) with NFSS spec.:
(fontspec)             <->s*[1]"[LinBiolinum_RB.otf]:mode=node;script=latn;language=dflt;+tlig;+tnum;+lnum;"
(fontspec)             - 'bold small caps'  (b/sc) with NFSS spec.:
(fontspec)             <->s*[1]"[LinBiolinum_RB.otf]:mode=node;script=latn;language=dflt;+tlig;+tnum;+lnum;+smcp;"
(fontspec)             - 'italic' (m/it) with NFSS spec.:
(fontspec)             <->s*[1]"[LinBiolinum_RI.otf]:mode=node;script=latn;language=dflt;+tlig;+tnum;+lnum;"
(fontspec)             - 'italic small caps'  (m/scit) with NFSS spec.:
(fontspec)             <->s*[1]"[LinBiolinum_RI.otf]:mode=node;script=latn;language=dflt;+tlig;+tnum;+lnum;+smcp;"
(fontspec)             - 'bold italic' (b/it) with NFSS spec.:
(fontspec)             <->s*[1]"[LinBiolinum_RBO.otf]:mode=node;script=latn;language=dflt;+tlig;+tnum;+lnum;"
(fontspec)             - 'bold italic small caps'  (b/scit) with NFSS spec.:
(fontspec)             <->s*[1]"[LinBiolinum_RBO.otf]:mode=node;script=latn;language=dflt;+tlig;+tnum;+lnum;+smcp;"


Package fontspec Info: 
(fontspec)             LinBiolinum_R scale = 1.


Package fontspec Info: 
(fontspec)             LinBiolinum_R scale = 1.


Package fontspec Info: 
(fontspec)             LinBiolinum_R scale = 1.


Package fontspec Info: 
(fontspec)             LinBiolinum_RB scale = 1.


Package fontspec Info: 
(fontspec)             LinBiolinum_RB scale = 1.


Package fontspec Info: 
(fontspec)             LinBiolinum_RI scale = 1.


Package fontspec Info: 
(fontspec)             LinBiolinum_RI scale = 1.


Package fontspec Info: 
(fontspec)             LinBiolinum_RBO scale = 1.


Package fontspec Info: 
(fontspec)             LinBiolinum_RBO scale = 1.


Package fontspec Info: 
(fontspec)             Font family 'LinBiolinum(3)' created for font
(fontspec)             'LinBiolinum' with options [Ligatures = TeX,Extension =
(fontspec)             .otf,SmallCapsFeatures={Letters=SmallCaps},Numbers =
(fontspec)             {Monospaced, OldStyle},Scale = 1,UprightFont =
(fontspec)             *_R,ItalicFont = *_RI,BoldFont = *_RB,BoldItalicFont =
(fontspec)             *_RBO].
(fontspec)              
(fontspec)              This font family consists of the following NFSS
(fontspec)             series/shapes:
(fontspec)              
(fontspec)             - 'normal' (m/n) with NFSS spec.:
(fontspec)             <->s*[1]"[LinBiolinum_R.otf]:mode=node;script=latn;language=dflt;+tlig;+tnum;+onum;"
(fontspec)             - 'small caps'  (m/sc) with NFSS spec.:
(fontspec)             <->s*[1]"[LinBiolinum_R.otf]:mode=node;script=latn;language=dflt;+tlig;+tnum;+onum;+smcp;"
(fontspec)             - 'bold' (b/n) with NFSS spec.:
(fontspec)             <->s*[1]"[LinBiolinum_RB.otf]:mode=node;script=latn;language=dflt;+tlig;+tnum;+onum;"
(fontspec)             - 'bold small caps'  (b/sc) with NFSS spec.:
(fontspec)             <->s*[1]"[LinBiolinum_RB.otf]:mode=node;script=latn;language=dflt;+tlig;+tnum;+onum;+smcp;"
(fontspec)             - 'italic' (m/it) with NFSS spec.:
(fontspec)             <->s*[1]"[LinBiolinum_RI.otf]:mode=node;script=latn;language=dflt;+tlig;+tnum;+onum;"
(fontspec)             - 'italic small caps'  (m/scit) with NFSS spec.:
(fontspec)             <->s*[1]"[LinBiolinum_RI.otf]:mode=node;script=latn;language=dflt;+tlig;+tnum;+onum;+smcp;"
(fontspec)             - 'bold italic' (b/it) with NFSS spec.:
(fontspec)             <->s*[1]"[LinBiolinum_RBO.otf]:mode=node;script=latn;language=dflt;+tlig;+tnum;+onum;"
(fontspec)             - 'bold italic small caps'  (b/scit) with NFSS spec.:
(fontspec)             <->s*[1]"[LinBiolinum_RBO.otf]:mode=node;script=latn;language=dflt;+tlig;+tnum;+onum;+smcp;"


Package fontspec Info: 
(fontspec)             LinBiolinum_R scale = 1.


Package fontspec Info: 
(fontspec)             LinLibertine_M scale = 1.


Package fontspec Info: 
(fontspec)             LinLibertine_M scale = 1.


Package fontspec Info: 
(fontspec)             LinLibertine_MB scale = 1.


Package fontspec Info: 
(fontspec)             LinLibertine_MO scale = 1.


Package fontspec Info: 
(fontspec)             LinLibertine_MBO scale = 1.


Package fontspec Info: 
(fontspec)             Font family 'LinLibertine(6)' created for font
(fontspec)             'LinLibertine' with options [Extension =
(fontspec)             .otf,HyphenChar=None,WordSpace={1,0,0},HyphenChar=None,PunctuationSpace=WordSpace,Scale
(fontspec)             = 1,UprightFont = *_M,ItalicFont = *_MO,BoldFont =
(fontspec)             *_MB,BoldItalicFont = *_MBO].
(fontspec)              
(fontspec)              This font family consists of the following NFSS
(fontspec)             series/shapes:
(fontspec)              
(fontspec)             - 'normal' (m/n) with NFSS spec.:
(fontspec)             <->s*[1]"[LinLibertine_M.otf]:mode=node;script=latn;language=dflt;"
(fontspec)             - 'bold' (b/n) with NFSS spec.:
(fontspec)             <->s*[1]"[LinLibertine_MB.otf]:mode=node;script=latn;language=dflt;"
(fontspec)             - 'italic' (m/it) with NFSS spec.:
(fontspec)             <->s*[1]"[LinLibertine_MO.otf]:mode=node;script=latn;language=dflt;"
(fontspec)             - 'bold italic' (b/it) with NFSS spec.:
(fontspec)             <->s*[1]"[LinLibertine_MBO.otf]:mode=node;script=latn;language=dflt;"


Package fontspec Info: 
(fontspec)             LinLibertine_M scale = 1.


Package fontspec Info: 
(fontspec)             LinLibertine_M scale = 1.


Package fontspec Info: 
(fontspec)             LinLibertine_MB scale = 1.


Package fontspec Info: 
(fontspec)             LinLibertine_MO scale = 1.


Package fontspec Info: 
(fontspec)             LinLibertine_MBO scale = 1.


Package fontspec Info: 
(fontspec)             Font family 'LinLibertine(7)' created for font
(fontspec)             'LinLibertine' with options [Extension =
(fontspec)             .otf,HyphenChar=None,Renderer=Basic,Scale =
(fontspec)             1,UprightFont = *_M,ItalicFont = *_MO,BoldFont =
(fontspec)             *_MB,BoldItalicFont = *_MBO].
(fontspec)              
(fontspec)              This font family consists of the following NFSS
(fontspec)             series/shapes:
(fontspec)              
(fontspec)             - 'normal' (m/n) with NFSS spec.:
(fontspec)             <->s*[1]"[LinLibertine_M.otf]:mode=base;script=latn;language=dflt;"
(fontspec)             - 'bold' (b/n) with NFSS spec.:
(fontspec)             <->s*[1]"[LinLibertine_MB.otf]:mode=base;script=latn;language=dflt;"
(fontspec)             - 'italic' (m/it) with NFSS spec.:
(fontspec)             <->s*[1]"[LinLibertine_MO.otf]:mode=base;script=latn;language=dflt;"
(fontspec)             - 'bold italic' (b/it) with NFSS spec.:
(fontspec)             <->s*[1]"[LinLibertine_MBO.otf]:mode=base;script=latn;language=dflt;"

LaTeX Font Info:    Overwriting math alphabet `\mathtt' in version `normal'
(Font)                  OT1/lmtt/m/n --> TU/LinLibertine(7)/m/n on input line 428.
LaTeX Font Info:    Overwriting math alphabet `\mathtt' in version `bold'
(Font)                  OT1/lmtt/m/n --> TU/LinLibertine(7)/b/n on input line 428.

Package fontspec Info: 
(fontspec)             LinLibertine_M scale = 1.


Package fontspec Info: 
(fontspec)             LinLibertine_M scale = 1.


Package fontspec Info: 
(fontspec)             LinLibertine_MB scale = 1.


Package fontspec Info: 
(fontspec)             LinLibertine_MO scale = 1.


Package fontspec Info: 
(fontspec)             LinLibertine_MBO scale = 1.


Package fontspec Info: 
(fontspec)             Font family 'LinLibertine(8)' created for font
(fontspec)             'LinLibertine' with options [Extension =
(fontspec)             .otf,HyphenChar=None,Scale = 1,UprightFont =
(fontspec)             *_M,ItalicFont = *_MO,BoldFont = *_MB,BoldItalicFont =
(fontspec)             *_MBO].
(fontspec)              
(fontspec)              This font family consists of the following NFSS
(fontspec)             series/shapes:
(fontspec)              
(fontspec)             - 'normal' (m/n) with NFSS spec.:
(fontspec)             <->s*[1]"[LinLibertine_M.otf]:mode=node;script=latn;language=dflt;"
(fontspec)             - 'bold' (b/n) with NFSS spec.:
(fontspec)             <->s*[1]"[LinLibertine_MB.otf]:mode=node;script=latn;language=dflt;"
(fontspec)             - 'italic' (m/it) with NFSS spec.:
(fontspec)             <->s*[1]"[LinLibertine_MO.otf]:mode=node;script=latn;language=dflt;"
(fontspec)             - 'bold italic' (b/it) with NFSS spec.:
(fontspec)             <->s*[1]"[LinLibertine_MBO.otf]:mode=node;script=latn;language=dflt;"


Package fontspec Info: 
(fontspec)             Font family 'LinBiolinum_K(0)' created for font
(fontspec)             'LinBiolinum_K' with options [Extension =
(fontspec)             .otf,HyphenChar=None,BoldFont={},ItalicFont={},SmallCapsFont={}].
(fontspec)              
(fontspec)              This font family consists of the following NFSS
(fontspec)             series/shapes:
(fontspec)              
(fontspec)             - 'normal' (m/n) with NFSS spec.:
(fontspec)             <->"[LinBiolinum_K.otf]:mode=node;script=latn;language=dflt;"


Package fontspec Info: 
(fontspec)             Font family 'LinLibertine_I(0)' created for font
(fontspec)             'LinLibertine_I' with options [Extension =
(fontspec)             .otf,HyphenChar=None,BoldFont={},ItalicFont={},SmallCapsFont={}].
(fontspec)              
(fontspec)              This font family consists of the following NFSS
(fontspec)             series/shapes:
(fontspec)              
(fontspec)             - 'normal' (m/n) with NFSS spec.:
(fontspec)             <->"[LinLibertine_I.otf]:mode=node;script=latn;language=dflt;"

LaTeX Info: Redefining \oldstylenums on input line 475.
LaTeX Info: Redefining \liningnums on input line 476.
(c:/Users/uzarb/AppData/Roaming/TinyTeX/texmf-dist/tex/latex/libertine/LinLibertine_R.tex) (c:/Users/uzarb/AppData/Roaming/TinyTeX/texmf-dist/tex/latex/libertine/LinBiolinum_R.tex) (c:/Users/uzarb/AppData/Roaming/TinyTeX/texmf-dist/tex/latex/libertine/LinBiolinum_K.tex) (c:/Users/uzarb/AppData/Roaming/TinyTeX/texmf-dist/tex/latex/libertine/LinLibertine_I.tex) (c:/Users/uzarb/AppData/Roaming/TinyTeX/texmf-dist/tex/latex/libertine/LKey.tex)
LaTeX Info: Redefining \textsup on input line 552.
) (c:/Users/uzarb/AppData/Roaming/TinyTeX/texmf-dist/tex/latex/beamer/beamerthemeMadrid.sty (c:/Users/uzarb/AppData/Roaming/TinyTeX/texmf-dist/tex/latex/beamer/beamercolorthemewhale.sty) (c:/Users/uzarb/AppData/Roaming/TinyTeX/texmf-dist/tex/latex/beamer/beamercolorthemeorchid.sty) (c:/Users/uzarb/AppData/Roaming/TinyTeX/texmf-dist/tex/latex/beamer/beamerinnerthemerounded.sty) (c:/Users/uzarb/AppData/Roaming/TinyTeX/texmf-dist/tex/latex/beamer/beamerouterthemeinfolines.sty)) (c:/Users/uzarb/AppData/Roaming/TinyTeX/texmf-dist/tex/latex/float/float.sty
Package: float 2001/11/08 v1.3d Float enhancements (AL)
\c@float@type=\count404
\float@exts=\toks55
\float@box=\box88
\@float@everytoks=\toks56
\@floatcapt=\box89
)
\@float@every@codelisting=\toks57
\c@codelisting=\count405
(c:/Users/uzarb/AppData/Roaming/TinyTeX/texmf-dist/tex/latex/caption/subcaption.sty
Package: subcaption 2023/07/28 v1.6b Sub-captions (AR)
Package caption Info: New subtype `subfigure' on input line 238.
\c@subfigure=\count406
Package caption Info: New subtype `subtable' on input line 238.
\c@subtable=\count407
) (c:/Users/uzarb/AppData/Roaming/TinyTeX/texmf-dist/tex/latex/bookmark/bookmark.sty
Package: bookmark 2026-05-21 v1.32 PDF bookmarks (HO)
(c:/Users/uzarb/AppData/Roaming/TinyTeX/texmf-dist/tex/latex/bookmark/bkm-luatex.def
File: bkm-luatex.def 2026-05-21 v1.32 bookmark driver for luaTeX (HO)
\BKM@id=\count408
))
Package csquotes Info: Checking for multilingual support...
Package csquotes Info: ... found 'babel' package.
Package csquotes Info: Adjusting default style.
Package csquotes Info: Redefining alias 'default' -> 'russian'.
No file simulation-modeling-lab07-presentation.aux.

\openout1 = simulation-modeling-lab07-presentation.aux
LaTeX Font Info:    Checking defaults for OML/cmm/m/it on input line 210.
LaTeX Font Info:    ... okay on input line 210.
LaTeX Font Info:    Checking defaults for OMS/cmsy/m/n on input line 210.
LaTeX Font Info:    ... okay on input line 210.
LaTeX Font Info:    Checking defaults for OT1/cmr/m/n on input line 210.
LaTeX Font Info:    ... okay on input line 210.
LaTeX Font Info:    Checking defaults for T1/cmr/m/n on input line 210.
LaTeX Font Info:    ... okay on input line 210.
LaTeX Font Info:    Checking defaults for TS1/cmr/m/n on input line 210.
LaTeX Font Info:    ... okay on input line 210.
LaTeX Font Info:    Checking defaults for TU/lmr/m/n on input line 210.
LaTeX Font Info:    ... okay on input line 210.
LaTeX Font Info:    Checking defaults for OMX/cmex/m/n on input line 210.
LaTeX Font Info:    ... okay on input line 210.
LaTeX Font Info:    Checking defaults for U/cmr/m/n on input line 210.
LaTeX Font Info:    ... okay on input line 210.
LaTeX Font Info:    Checking defaults for PD1/pdf/m/n on input line 210.
LaTeX Font Info:    ... okay on input line 210.
LaTeX Font Info:    Checking defaults for PU/pdf/m/n on input line 210.
LaTeX Font Info:    ... okay on input line 210.
*geometry* driver: auto-detecting
*geometry* detected driver: luatex
*geometry* verbose mode - [ preamble ] result:
* driver: luatex
* paper: custom
* layout: <same size as paper>
* layoutoffset:(h,v)=(0.0pt,0.0pt)
* modes: includehead includefoot 
* h-part:(L,W,R)=(10.95pt, 433.34409pt, 10.95pt)
* v-part:(T,H,B)=(0.0pt, 256.0748pt, 0.0pt)
* \paperwidth=455.24408pt
* \paperheight=256.0748pt
* \textwidth=433.34409pt
* \textheight=227.62207pt
* \oddsidemargin=-61.31999pt
* \evensidemargin=-61.31999pt
* \topmargin=-72.26999pt
* \headheight=14.22636pt
* \headsep=0.0pt
* \topskip=11.0pt
* \footskip=14.22636pt
* \marginparwidth=4.0pt
* \marginparsep=10.0pt
* \columnsep=10.0pt
* \skip\footins=10.0pt plus 4.0pt minus 2.0pt
* \hoffset=0.0pt
* \voffset=0.0pt
* \mag=1000
* \@twocolumnfalse
* \@twosidefalse
* \@mparswitchfalse
* \@reversemarginfalse
* (1in=72.27pt=25.4mm, 1cm=28.453pt)

(c:/Users/uzarb/AppData/Roaming/TinyTeX/texmf-dist/tex/latex/epstopdf-pkg/epstopdf-base.sty
Package: epstopdf-base 2020-01-24 v2.11 Base part for package epstopdf
Package epstopdf-base Info: Redefining graphics rule for `.eps' on input line 485.
(c:/Users/uzarb/AppData/Roaming/TinyTeX/texmf-dist/tex/latex/latexconfig/epstopdf-sys.cfg
File: epstopdf-sys.cfg 2010/07/13 v1.3 Configuration of (r)epstopdf for TeX Live
))
Package hyperref Info: Link coloring OFF on input line 210.
(c:/Users/uzarb/AppData/Roaming/TinyTeX/texmf-dist/tex/latex/translator/translator-basic-dictionary-English.dict
Dictionary: translator-basic-dictionary, Language: English 
) (c:/Users/uzarb/AppData/Roaming/TinyTeX/texmf-dist/tex/latex/translator/translator-basic-dictionary-Russian.dict
Dictionary: translator-basic-dictionary, Language: Russian 
) (c:/Users/uzarb/AppData/Roaming/TinyTeX/texmf-dist/tex/latex/translator/translator-bibliography-dictionary-English.dict
Dictionary: translator-bibliography-dictionary, Language: English 
) (c:/Users/uzarb/AppData/Roaming/TinyTeX/texmf-dist/tex/latex/translator/translator-bibliography-dictionary-Russian.dict
Dictionary: translator-bibliography-dictionary, Language: Russian 
) (c:/Users/uzarb/AppData/Roaming/TinyTeX/texmf-dist/tex/latex/translator/translator-environment-dictionary-English.dict
Dictionary: translator-environment-dictionary, Language: English 
) (c:/Users/uzarb/AppData/Roaming/TinyTeX/texmf-dist/tex/latex/translator/translator-environment-dictionary-Russian.dict
Dictionary: translator-environment-dictionary, Language: Russian 
) (c:/Users/uzarb/AppData/Roaming/TinyTeX/texmf-dist/tex/latex/translator/translator-months-dictionary-English.dict
Dictionary: translator-months-dictionary, Language: English 
) (c:/Users/uzarb/AppData/Roaming/TinyTeX/texmf-dist/tex/latex/translator/translator-months-dictionary-Russian.dict
Dictionary: translator-month-dictionary, Language: Russian 
) (c:/Users/uzarb/AppData/Roaming/TinyTeX/texmf-dist/tex/latex/translator/translator-numbers-dictionary-English.dict
Dictionary: translator-numbers-dictionary, Language: English 
) (c:/Users/uzarb/AppData/Roaming/TinyTeX/texmf-dist/tex/latex/translator/translator-numbers-dictionary-Russian.dict
Dictionary: translator-numbers-dictionary, Language: Russian 
) (c:/Users/uzarb/AppData/Roaming/TinyTeX/texmf-dist/tex/latex/translator/translator-theorem-dictionary-English.dict
Dictionary: translator-theorem-dictionary, Language: English 
) (c:/Users/uzarb/AppData/Roaming/TinyTeX/texmf-dist/tex/latex/translator/translator-theorem-dictionary-Russian.dict
Dictionary: translator-theorem-dictionary, Language: Russian 
)

Package fontspec Info: 
(fontspec)             Font family 'latinmodern-math.otf(0)' created for font
(fontspec)             'latinmodern-math.otf' with options
(fontspec)             [Renderer=Basic,BoldItalicFont={},ItalicFont={},SmallCapsFont={},Script=Math,RawFeature={mathfontdimen=xetex},BoldFont={latinmodern-math.otf}].
(fontspec)              
(fontspec)              This font family consists of the following NFSS
(fontspec)             series/shapes:
(fontspec)              
(fontspec)             - 'normal' (m/n) with NFSS spec.:
(fontspec)             <->"[latinmodern-math.otf]:mode=base;script=math;language=dflt;mathfontdimen=xetex;"
(fontspec)             - 'bold' (b/n) with NFSS spec.:
(fontspec)             <->"[latinmodern-math.otf]:mode=base;script=math;language=dflt;mathfontdimen=xetex;"


Package fontspec Info: 
(fontspec)             Font family 'latinmodern-math.otf(1)' created for font
(fontspec)             'latinmodern-math.otf' with options
(fontspec)             [Renderer=Basic,BoldItalicFont={},ItalicFont={},SmallCapsFont={},Script=Math,SizeFeatures={{Size=9.3075-},{Size=6.57-9.3075,Font=latinmodern-math.otf,Style=MathScript},{Size=-6.57,Font=latinmodern-math.otf,Style=MathScriptScript}},RawFeature={mathfontdimen=xetex},BoldFont={latinmodern-math.otf}].
(fontspec)              
(fontspec)              This font family consists of the following NFSS
(fontspec)             series/shapes:
(fontspec)              
(fontspec)             - 'normal' (m/n) with NFSS spec.:
(fontspec)             <9.3075->"[latinmodern-math.otf]:mode=base;script=math;language=dflt;mathfontdimen=xetex;"<6.57-9.3075>"[latinmodern-math.otf]:mode=base;script=math;language=dflt;mathfontdimen=xetex;+ssty=0;"<-6.57>"[latinmodern-math.otf]:mode=base;script=math;language=dflt;mathfontdimen=xetex;+ssty=1;"
(fontspec)             - 'bold' (b/n) with NFSS spec.:
(fontspec)             <->"[latinmodern-math.otf]:mode=base;script=math;language=dflt;mathfontdimen=xetex;"

LaTeX Font Info:    Encoding `OT1' has changed to `TU' for symbol font
(Font)              `operators' in the math version `normal' on input line 210.
LaTeX Font Info:    Overwriting symbol font `operators' in version `normal'
(Font)                  OT1/lmr/m/n --> TU/latinmodern-math.otf(1)/m/n on input line 210.
LaTeX Font Info:    Encoding `OT1' has changed to `TU' for symbol font
(Font)              `operators' in the math version `bold' on input line 210.
LaTeX Font Info:    Overwriting symbol font `operators' in version `bold'
(Font)                  OT1/lmr/bx/n --> TU/latinmodern-math.otf(1)/b/n on input line 210.

Package fontspec Info: 
(fontspec)             Font family 'latinmodern-math.otf(2)' created for font
(fontspec)             'latinmodern-math.otf' with options
(fontspec)             [Renderer=Basic,BoldItalicFont={},ItalicFont={},SmallCapsFont={},Script=Math,SizeFeatures={{Size=9.3075-},{Size=6.57-9.3075,Font=latinmodern-math.otf,Style=MathScript},{Size=-6.57,Font=latinmodern-math.otf,Style=MathScriptScript}},RawFeature={mathfontdimen=xetex},BoldFont={latinmodern-math.otf},RawFeature={mathfontdimen=tex2}].
(fontspec)              
(fontspec)              This font family consists of the following NFSS
(fontspec)             series/shapes:
(fontspec)              
(fontspec)             - 'normal' (m/n) with NFSS spec.:
(fontspec)             <9.3075->"[latinmodern-math.otf]:mode=base;script=math;language=dflt;mathfontdimen=xetex;mathfontdimen=tex2;"<6.57-9.3075>"[latinmodern-math.otf]:mode=base;script=math;language=dflt;mathfontdimen=xetex;mathfontdimen=tex2;+ssty=0;"<-6.57>"[latinmodern-math.otf]:mode=base;script=math;language=dflt;mathfontdimen=xetex;mathfontdimen=tex2;+ssty=1;"
(fontspec)             - 'bold' (b/n) with NFSS spec.:
(fontspec)             <->"[latinmodern-math.otf]:mode=base;script=math;language=dflt;mathfontdimen=xetex;mathfontdimen=tex2;"

LaTeX Font Info:    Encoding `OMS' has changed to `TU' for symbol font
(Font)              `symbols' in the math version `normal' on input line 210.
LaTeX Font Info:    Overwriting symbol font `symbols' in version `normal'
(Font)                  OMS/lmsy/m/n --> TU/latinmodern-math.otf(2)/m/n on input line 210.
LaTeX Font Info:    Encoding `OMS' has changed to `TU' for symbol font
(Font)              `symbols' in the math version `bold' on input line 210.
LaTeX Font Info:    Overwriting symbol font `symbols' in version `bold'
(Font)                  OMS/lmsy/b/n --> TU/latinmodern-math.otf(2)/b/n on input line 210.

Package fontspec Info: 
(fontspec)             Font family 'latinmodern-math.otf(3)' created for font
(fontspec)             'latinmodern-math.otf' with options
(fontspec)             [Renderer=Basic,BoldItalicFont={},ItalicFont={},SmallCapsFont={},Script=Math,SizeFeatures={{Size=9.3075-},{Size=6.57-9.3075,Font=latinmodern-math.otf,Style=MathScript},{Size=-6.57,Font=latinmodern-math.otf,Style=MathScriptScript}},RawFeature={mathfontdimen=xetex},BoldFont={latinmodern-math.otf},RawFeature={mathfontdimen=tex3}].
(fontspec)              
(fontspec)              This font family consists of the following NFSS
(fontspec)             series/shapes:
(fontspec)              
(fontspec)             - 'normal' (m/n) with NFSS spec.:
(fontspec)             <9.3075->"[latinmodern-math.otf]:mode=base;script=math;language=dflt;mathfontdimen=xetex;mathfontdimen=tex3;"<6.57-9.3075>"[latinmodern-math.otf]:mode=base;script=math;language=dflt;mathfontdimen=xetex;mathfontdimen=tex3;+ssty=0;"<-6.57>"[latinmodern-math.otf]:mode=base;script=math;language=dflt;mathfontdimen=xetex;mathfontdimen=tex3;+ssty=1;"
(fontspec)             - 'bold' (b/n) with NFSS spec.:
(fontspec)             <->"[latinmodern-math.otf]:mode=base;script=math;language=dflt;mathfontdimen=xetex;mathfontdimen=tex3;"

LaTeX Font Info:    Encoding `OMX' has changed to `TU' for symbol font
(Font)              `largesymbols' in the math version `normal' on input line 210.
LaTeX Font Info:    Overwriting symbol font `largesymbols' in version `normal'
(Font)                  OMX/lmex/m/n --> TU/latinmodern-math.otf(3)/m/n on input line 210.
LaTeX Font Info:    Encoding `OMX' has changed to `TU' for symbol font
(Font)              `largesymbols' in the math version `bold' on input line 210.
LaTeX Font Info:    Overwriting symbol font `largesymbols' in version `bold'
(Font)                  OMX/lmex/m/n --> TU/latinmodern-math.otf(3)/b/n on input line 210.
LaTeX Font Info:    Trying to load font information for OML+lmm on input line 210.
(c:/Users/uzarb/AppData/Roaming/TinyTeX/texmf-dist/tex/latex/lm/omllmm.fd
File: omllmm.fd 2015/05/01 v1.6.1 Font defs for Latin Modern
)
LaTeX Font Info:    Trying to load font information for U+msa on input line 210.
(c:/Users/uzarb/AppData/Roaming/TinyTeX/texmf-dist/tex/latex/amsfonts/umsa.fd
File: umsa.fd 2013/01/14 v3.01 AMS symbols A
)
LaTeX Font Info:    Trying to load font information for U+msb on input line 210.
(c:/Users/uzarb/AppData/Roaming/TinyTeX/texmf-dist/tex/latex/amsfonts/umsb.fd
File: umsb.fd 2013/01/14 v3.01 AMS symbols B
)
LaTeX Info: Redefining \microtypecontext on input line 210.
Package microtype Info: Applying patch `item' on input line 210.
Package microtype Info: Applying patch `toc' on input line 210.
Package microtype Info: Applying patch `eqnum' on input line 210.
Package microtype Info: Applying patch `footnote' on input line 210.
Package microtype Info: Applying patch `verbatim' on input line 210.
LaTeX Info: Redefining \microtypesetup on input line 210.
Package microtype Info: Generating PDF output.
Package microtype Info: Character protrusion enabled (level 2).
Package microtype Info: Using protrusion set `basicmath'.
Package microtype Info: Automatic font expansion enabled (level 2),
(microtype)             stretch: 20, shrink: 20, step: 1, non-selected.
Package microtype Info: Using default expansion set `alltext-nott'.
Package microtype Info: Patching command `\showhyphens'.
Package microtype Info: No adjustment of tracking.
Package microtype Info: No adjustment of spacing.
Package microtype Info: No adjustment of kerning.
Package microtype Info: Loading generic protrusion settings for font family
(microtype)             `LinBiolinum' (encoding: TU).
(microtype)             For optimal results, create family-specific settings.
(microtype)             See the microtype manual for details.
Package caption Info: Begin \AtBeginDocument code.
Package caption Info: float package is loaded.
Package caption Info: End \AtBeginDocument code.
Removing  `Babel.pre_otfload_h' from `hpack_filter'.
Removing  `luaotfload.node_processor' from `hpack_filter'.
Removing  `luaotfload.harf.finalize_hlist' from `hpack_filter'.
Inserting `Babel.math_box_dir' in `hpack_filter'.
Inserting `Babel.pre_otfload_h' in `hpack_filter'.
Inserting `luaotfload.node_processor' in `hpack_filter'.
Inserting `luaotfload.harf.finalize_hlist' in `hpack_filter'.
Inserting `Babel.unset_atdir' in `pre_linebreak_filter'.
Inserting `Babel.unset_atdir' in `hpack_filter'.
Inserting `Babel.ensure_math_dir' in `post_mlist_to_hlist_filter'.
No file simulation-modeling-lab07-presentation.nav.
LaTeX Font Info:    Font shape `TU/LinBiolinum(0)/m/n' will be
(Font)              scaled to size 6.0pt on input line 210.
LaTeX Font Info:    Font shape `TU/LinBiolinum(0)/m/n' will be
(Font)              scaled to size 14.4pt on input line 211.
LaTeX Font Info:    Font shape `TU/LinBiolinum(0)/m/n' will be
(Font)              scaled to size 8.0pt on input line 211.
LaTeX Font Info:    Font shape `TU/LinBiolinum(0)/m/n' will be
(Font)              scaled to size 4.0pt on input line 211.
[1

{c:/Users/uzarb/AppData/Roaming/TinyTeX/texmf-var/fonts/map/pdftex/updmap/pdftex.map}]
No file simulation-modeling-lab07-presentation.toc.
[2

] [3

] [4

] [5

] [6

] [7

] [8

] [9

] [10

] [11

]
! Undefined control sequence.
<argument> \nМоделирование 
                             завершено успешно!
l.261 \end{frame}
               

Here is how much of LuaTeX's memory you used:
 45127 strings out of 475635
 125236,1648299 words of node,token memory allocated
 10604 words of node memory still in use:
   118 hlist, 9 vlist, 17 rule, 7 disc, 4 local_par, 32 dir, 144 glue, 6 kern, 13 penalty, 131 glyph, 2263 attribute, 69 glue_spec, 757 attribute_list, 2 temp, 1 shape, 1 write, 1 user_defined, 153 pdf_literal, 1 pdf_start_link, 1 pdf_end_link, 6 pdf_action, 20 pdf_colorstack nodes
   avail lists: 1:2,2:1908,3:329,4:305,5:119,6:52,7:894,9:491,10:10,12:1
 67031 multiletter control sequences out of 65536+600000
 92 fonts using 27052871 bytes
 101i,15n,109p,1034b,643s stack positions out of 10000i,1000n,20000p,200000b,200000s
!  ==> Fatal error occurred, no output PDF file produced!
